topic0,bank,allianz,institut,kund,dresdn,frankfurt,sparkass,munch,landesbank,kredit,versicher,commerzbank,geschaft,ruck,privat,hvb,westlb,kreditinstitut,hypovereinsbank,grossbank,versich,tocht,beteil,offent,postbank,bayer,fusion,grosst,bankgesellschaft,rating,verkauf,halt,hypo,breu,gut,risik,risikovorsorg,vereinsbank,beid,sowi,etwa,derzeit,finanzdienstleist,geldhaus,dabei,sprech,filial,drei,stark,geldinstitut,zurich,berat,rund,rechtlich,lebensversicher,anteil,bilanzsumm,schad,privatbank,agentur,ubs,ausland,ausserd,vermogensverwalt,vorstandssprech,allerding,credit,hypothek,bish,hypothekenbank,vermog,chef,moglich,bankhaus,haus,eigenkapital,gross,gerling,heisst,kapital,gesamt,axa,osterreich,dg,basel,mlp,international,investmentbank,ca,direktbank,genossenschaft,gehor,austria,privatkund,laut,beteiligt,leasing,ruckversicher,banking,finanzier
 ,0.11,0.016,0.013,0.013,0.011,0.01,0.01,0.01,0.009,0.009,0.009,0.008,0.008,0.007,0.006,0.005,0.005,0.005,0.005,0.005,0.004,0.004,0.004,0.004,0.004,0.003,0.003,0.003,0.003,0.003,0.003,0.003,0.003,0.003,0.003,0.003,0.003,0.003,0.003,0.003,0.003,0.003,0.002,0.002,0.002,0.002,0.002,0.002,0.002,0.002,0.002,0.002,0.002,0.002,0.002,0.002,0.002,0.002,0.002,0.002,0.002,0.002,0.002,0.002,0.002,0.002,0.002,0.002,0.002,0.002,0.002,0.002,0.002,0.002,0.002,0.002,0.002,0.002,0.002,0.002,0.002,0.002,0.002,0.002,0.002,0.002,0.002,0.002,0.002,0.002,0.002,0.002,0.002,0.002,0.002,0.002,0.002,0.002,0.002,0.002
topic1,alt,frau,mann,heut,damal,vat,macht,jahrig,famili,sohn,jung,nam,kam,gehort,imm,mutt,ging,nie,gebor,leb,fruh,karri,begann,person,profil,arbeitet,geschicht,bekannt,brud,gab,freund,gilt,schliesslich,haus,zuruck,geword,beid,buch,fuhrt,liess,film,mal,kind,gemacht,erfahr,anfang,stet,erfolgreich,stand,galt,welt,einst,foto,bracht,studiert,arbeit,wenig,geburt,roll,tod,trat,geburtstag,best,fast,gestorb,gelernt,lebt,zog,gern,blieb,offent,reich,letzt,spielt,generation,lang,art,zweit,bekam,inzwisch,kenn,jahrzehnt,grundet,fand,zusamm,steht,kontakt,spitz,schrieb,achtzig,siebzig,erfolg,seitd,ehe,kolleg,erzahlt,ganz,nahm,eng,job
 ,0.024,0.023,0.023,0.012,0.012,0.009,0.009,0.008,0.008,0.007,0.007,0.007,0.006,0.006,0.006,0.006,0.005,0.005,0.005,0.004,0.004,0.004,0.004,0.004,0.004,0.004,0.004,0.004,0.004,0.004,0.004,0.004,0.004,0.004,0.003,0.003,0.003,0.003,0.003,0.003,0.003,0.003,0.003,0.003,0.003,0.003,0.003,0.003,0.003,0.003,0.003,0.003,0.003,0.003,0.003,0.003,0.003,0.002,0.002,0.002,0.002,0.002,0.002,0.002,0.002,0.002,0.002,0.002,0.002,0.002,0.002,0.002,0.002,0.002,0.002,0.002,0.002,0.002,0.002,0.002,0.002,0.002,0.002,0.002,0.002,0.002,0.002,0.002,0.002,0.002,0.002,0.002,0.002,0.002,0.002,0.002,0.002,0.002,0.002,0.002
topic2,imm,gut,wenig,kaum,geld,gross,ganz,heut,gerad,sogar,wohl,gibt,lang,fast,lasst,kommt,deshalb,macht,dafur,schnell,schliesslich,meist,freilich,geht,schlecht,dabei,steht,inzwisch,lass,durft,gar,immerhin,allein,oft,namlich,erfolg,bess,eher,liegt,zumind,eigent,hoch,ohnehin,wer,dennoch,damal,mittlerweil,schwer,hand,gleich,scheint,einfach,geword,obwohl,letzt,gilt,bleibt,mal,jedenfall,beispiel,gewinn,mag,daran,genug,besond,grund,hart,bald,gern,selt,statt,anfang,zeigt,billig,steckt,durchaus,richtig,beispielsweis,braucht,glaubt,trotzd,reich,probl,haufig,fehlt,gemacht,eben,bekomm,bring,vorbei,zumal,arg,lieb,spricht,teu,keinesweg,ubrig,liess,konkurrenz,best
 ,0.018,0.018,0.017,0.011,0.01,0.01,0.009,0.009,0.009,0.008,0.008,0.008,0.007,0.007,0.006,0.006,0.006,0.006,0.006,0.006,0.006,0.006,0.005,0.005,0.005,0.005,0.005,0.005,0.005,0.005,0.005,0.005,0.005,0.005,0.004,0.004,0.004,0.004,0.004,0.004,0.004,0.004,0.004,0.004,0.004,0.003,0.003,0.003,0.003,0.003,0.003,0.003,0.003,0.003,0.003,0.003,0.003,0.003,0.003,0.003,0.003,0.003,0.003,0.003,0.003,0.002,0.002,0.002,0.002,0.002,0.002,0.002,0.002,0.002,0.002,0.002,0.002,0.002,0.002,0.002,0.002,0.002,0.002,0.002,0.002,0.002,0.002,0.002,0.002,0.002,0.002,0.002,0.002,0.002,0.002,0.002,0.002,0.002,0.002,0.002
topic3,polizei,anschlag,mensch,verletzt,mann,terrorist,getotet,festgenomm,polizist,tat,drei,attentat,angab,grupp,mord,tot,mutmass,opf,terror,tod,demonstrant,gefang,vier,gewalt,schwer,entfuhr,erschoss,hatt,mindest,stadt,mitglied,gefangnis,bomb,afp,islam,behord,verdacht,islamist,qaida,demonstration,leb,ap,sicherheitskraft,verantwort,nacht,algeri,samstag,geiseln,berichtet,funf,nah,entfuhrt,explosion,festnahm,bekannt,verurteilt,uberfall,extremist,kam,lad,prot,gekomm,ums,haftling,montag,freilass,organisation,muslim,donnerstag,verhaftet,gewalttat,bombenanschlag,etwa,starb,ermordet,verubt,bewaffnet,unbekannt,dienstag,hundert,person,jugend,frau,gefund,anhang,angehor,mittwoch,sech,aktion,mitteilt,jahrig,beamt,fundamentalist,zufolg,offenbar,ermittl,gebaud,verbot,versucht,dabei
 ,0.021,0.02,0.013,0.012,0.01,0.01,0.009,0.009,0.009,0.008,0.008,0.008,0.007,0.007,0.007,0.007,0.006,0.006,0.005,0.005,0.005,0.005,0.005,0.005,0.005,0.005,0.004,0.004,0.004,0.004,0.004,0.004,0.004,0.004,0.004,0.004,0.004,0.004,0.004,0.004,0.004,0.004,0.004,0.004,0.004,0.004,0.004,0.003,0.003,0.003,0.003,0.003,0.003,0.003,0.003,0.003,0.003,0.003,0.003,0.003,0.003,0.003,0.003,0.003,0.003,0.003,0.003,0.003,0.003,0.003,0.003,0.003,0.003,0.003,0.003,0.002,0.002,0.002,0.002,0.002,0.002,0.002,0.002,0.002,0.002,0.002,0.002,0.002,0.002,0.002,0.002,0.002,0.002,0.002,0.002,0.002,0.002,0.002,0.002,0.002
topic4,gewerkschaft,arbeit,arbeitslos,arbeitgeb,beschaftigt,ig,metall,betrieb,arbeitsplatz,arbeitnehm,job,lohn,stund,streik,offent,arbeitsmarkt,verdi,dgb,dien,beschaft,woch,chef,hartz,arbeitszeit,stell,angestellt,wirtschaft,fordert,forder,tarifvertrag,gehalt,bundesanstalt,vorsitz,sozial,bundnis,industri,mitarbeit,betriebsrat,bdi,handwerk,lang,arbeitslosengeld,rund,arbeitsamt,reform,kundig,bau,angebot,arbeitgeberverband,iv,alt,erhalt,mensch,zahl,zwickel,abschluss,verband,mitglied,mindestlohn,gewerkschaftsbund,ab,branch,ba,tarifverhandl,musst,hundt,kundigungsschutz,otv,prasident,ford,konnt,etwa,tag,tarif,betroff,lohnfortzahl,sollt,tarifrund,schaff,wenig,geh,voll,warnstreik,dag,sozialhilf,statt,vereinbart,arbeitskampf,bundesregier,flexibl,abbau,druck,beim,vereinbar,uberstund,bezahlt,regel,gefordert,bundesverband,kurzung
 ,0.033,0.031,0.02,0.018,0.016,0.015,0.014,0.013,0.012,0.011,0.009,0.009,0.009,0.009,0.008,0.007,0.007,0.007,0.006,0.006,0.006,0.006,0.006,0.005,0.005,0.005,0.005,0.005,0.005,0.005,0.005,0.005,0.004,0.004,0.004,0.004,0.004,0.003,0.003,0.003,0.003,0.003,0.003,0.003,0.003,0.003,0.003,0.003,0.003,0.003,0.003,0.003,0.003,0.003,0.003,0.003,0.002,0.002,0.002,0.002,0.002,0.002,0.002,0.002,0.002,0.002,0.002,0.002,0.002,0.002,0.002,0.002,0.002,0.002,0.002,0.002,0.002,0.002,0.002,0.002,0.002,0.002,0.002,0.002,0.002,0.002,0.002,0.002,0.002,0.002,0.002,0.002,0.002,0.002,0.002,0.002,0.002,0.002,0.002,0.002
topic5,dm,milliard,umsatz,ag,ergebnis,rund,bericht,vorjahr,je,divid,geschaftsjahr,erhoht,moll,plus,zahl,verlust,gewinn,erwartet,stieg,deutlich,erzielt,aktionar,mill,steu,erreicht,grupp,gestieg,konz,jahresuberschuss,akti,insgesamt,gut,knapp,laufend,munch,ertrag,verbessert,vorstandsvorsitz,rechnet,halbjahr,vorstand,trotz,steig,inland,mrd,ausland,erstmal,hauptversamml,positiv,bereich,aufgrund,betrag,gesteigert,laut,gewohn,leicht,unverandert,gegenub,kraftig,konzernumsatz,heu,betriebsergebnis,kapital,investition,anteil,erhoh,betrug,minus,erneut,wachstum,bzw,zuruck,kapitalerhoh,end,fast,ausschutt,angab,lag,geschaftstat,mr,geschaft,stammakti,vorzugsakti,nahm,konnt,stamm,wobei,steiger,auftragseingang,dabei,gesellschaft,schilling,davon,ausserordent,frankfurt,voll,entfiel,beziffert,einschliess,halft
 ,0.19,0.04,0.022,0.017,0.017,0.016,0.013,0.012,0.01,0.01,0.01,0.009,0.008,0.007,0.007,0.006,0.006,0.006,0.005,0.005,0.005,0.005,0.005,0.005,0.005,0.005,0.005,0.005,0.005,0.005,0.005,0.005,0.005,0.004,0.004,0.004,0.004,0.004,0.003,0.003,0.003,0.003,0.003,0.003,0.003,0.003,0.003,0.003,0.003,0.003,0.003,0.003,0.003,0.003,0.003,0.003,0.003,0.003,0.002,0.002,0.002,0.002,0.002,0.002,0.002,0.002,0.002,0.002,0.002,0.002,0.002,0.002,0.002,0.002,0.002,0.002,0.002,0.002,0.002,0.002,0.002,0.002,0.002,0.002,0.002,0.002,0.002,0.002,0.002,0.002,0.002,0.002,0.002,0.002,0.002,0.002,0.002,0.002,0.002,0.002
topic6,pol,opf,polnisch,tschechisch,prag,zweit,ehemal,histor,fruh,geschicht,jud,warschau,berlin,judisch,entschad,damal,weltkrieg,hatt,tschechi,bundesprasident,npd,heut,jahrestag,ns,holocaust,alt,teil,zwangsarbeit,republ,erklar,bundesrepubl,nazi,vorsitz,hitl,besuch,verantwort,tag,etwa,stiftung,vertret,anlass,vertreib,bezieh,red,erinnert,erinner,verbrech,zentrum,sprach,kommunist,nam,krieg,symbol,konnt,sowi,mai,uberleb,gehort,mensch,vertrieb,bundeskanzl,end,havel,wort,auschwitz,rechtsextrem,gedacht,gemeind,heutig,zentralrat,entschuld,gedenk,anspruch,dafur,nazis,person,solidaritat,sudetendeutsch,verhaltnis,besond,ss,burg,rechtsradikal,letzt,unrecht,gemeinsam,nationalsozialist,osterreich,gest,rechtsextremist,nahm,leb,gross,erhalt,versohn,gedenkstatt,regim,angehor,reich,bezeichnet
 ,0.018,0.014,0.011,0.01,0.009,0.009,0.008,0.008,0.008,0.007,0.007,0.007,0.007,0.006,0.006,0.006,0.006,0.005,0.005,0.005,0.005,0.004,0.004,0.004,0.004,0.004,0.004,0.003,0.003,0.003,0.003,0.003,0.003,0.003,0.003,0.003,0.003,0.003,0.003,0.003,0.003,0.003,0.003,0.003,0.003,0.003,0.003,0.003,0.003,0.003,0.003,0.002,0.002,0.002,0.002,0.002,0.002,0.002,0.002,0.002,0.002,0.002,0.002,0.002,0.002,0.002,0.002,0.002,0.002,0.002,0.002,0.002,0.002,0.002,0.002,0.002,0.002,0.002,0.002,0.002,0.002,0.002,0.002,0.002,0.002,0.002,0.002,0.002,0.002,0.002,0.002,0.002,0.002,0.002,0.002,0.002,0.002,0.002,0.002,0.002
topic7,milliard,dollar,ubernahm,verkauf,fusion,konz,grosst,anteil,akti,aktionar,angebot,us,beid,konzern,chef,beteil,partn,zusammenschluss,mannesmann,geschaft,ubernehm,investor,rund,weltweit,firm,wert,amerikan,konkurrent,vodafon,group,verkauft,halt,telecom,tocht,interess,grupp,firma,euro,erwerb,gesellschaft,analyst,strateg,offert,je,global,zweitgrosst,management,transaktion,inc,teilt,corp,ubernahmeangebot,franc,einstieg,hoech,erhalt,new,beteiligt,allianz,geplant,finanzinvestor,gross,at,interessiert,ubernomm,bekannt,kauf,kaufpreis,deal,gebot,zusamm,kauft,spekulation,aventis,interessent,york,vivendi,europa,zufolg,hiess,numm,schuld,fuhrend,feindlich,bors,mehrheit,télécom,gerucht,sach,plan,anteilseign,grossaktionar,investmentbank,international,ubernimmt,angekundigt,woll,disney,gehort,wall
 ,0.039,0.027,0.025,0.016,0.016,0.013,0.013,0.013,0.012,0.012,0.009,0.008,0.008,0.008,0.007,0.007,0.007,0.006,0.006,0.006,0.006,0.006,0.006,0.005,0.005,0.005,0.005,0.005,0.004,0.004,0.004,0.004,0.004,0.004,0.004,0.003,0.003,0.003,0.003,0.003,0.003,0.003,0.003,0.003,0.003,0.003,0.003,0.003,0.003,0.003,0.003,0.003,0.003,0.003,0.003,0.003,0.003,0.003,0.003,0.003,0.003,0.003,0.002,0.002,0.002,0.002,0.002,0.002,0.002,0.002,0.002,0.002,0.002,0.002,0.002,0.002,0.002,0.002,0.002,0.002,0.002,0.002,0.002,0.002,0.002,0.002,0.002,0.002,0.002,0.002,0.002,0.002,0.002,0.002,0.002,0.002,0.002,0.002,0.002,0.002
topic8,preis,tonn,ol,etwa,pro,je,bau,verbrauch,landwirtschaft,dollar,lit,opec,bse,derzeit,markt,olpreis,barrel,norweg,woch,wenig,shell,rund,nachfrag,zehn,weltweit,grosst,rohstoff,tier,cent,produktion,produkt,knapp,landwirt,brauerei,teur,benzin,hoch,beim,bier,billig,fast,bp,drei,tag,tankstell,erdol,ab,fleisch,meng,lebensmittel,betrieb,funf,gross,stark,kunast,rind,cola,angab,fass,lag,niedrig,wein,steig,forder,welt,dageg,jahrlich,erreicht,durchschnitt,getrank,konnt,verandert,jedoch,coca,grund,liegt,gestieg,teil,deutlich,nestlé,monat,ernt,handel,produzent,erhoh,stand,flasch,davon,taglich,halt,rohol,pfennig,kostet,steigend,angebot,inzwisch,gering,raffineri,organisation,laut
 ,0.024,0.012,0.011,0.011,0.01,0.009,0.008,0.008,0.006,0.006,0.006,0.006,0.005,0.005,0.005,0.005,0.005,0.004,0.004,0.004,0.004,0.004,0.004,0.004,0.004,0.004,0.004,0.004,0.004,0.004,0.003,0.003,0.003,0.003,0.003,0.003,0.003,0.003,0.003,0.003,0.003,0.003,0.003,0.003,0.003,0.003,0.003,0.003,0.003,0.003,0.003,0.003,0.003,0.003,0.003,0.003,0.003,0.003,0.002,0.002,0.002,0.002,0.002,0.002,0.002,0.002,0.002,0.002,0.002,0.002,0.002,0.002,0.002,0.002,0.002,0.002,0.002,0.002,0.002,0.002,0.002,0.002,0.002,0.002,0.002,0.002,0.002,0.002,0.002,0.002,0.002,0.002,0.002,0.002,0.002,0.002,0.002,0.002,0.002,0.002
topic9,gesetz,kunftig,regel,durf,recht,entwurf,entscheid,regeln,fall,verabschiedet,grundsatz,moglich,entsprech,beschloss,vorschlag,gesetzentwurf,zustimm,gelt,sieht,bish,verbot,reform,darf,schutz,bestimmt,bundesregier,bundesrat,rechtlich,vorschrift,geltend,plan,erlaubt,grundgesetz,gesetzgeb,beschluss,bestimm,umstritt,dageg,offent,geplant,vorgeseh,richtlini,einzeln,enthalt,ausserd,vorgelegt,heisst,zulass,berat,allerding,besteh,zustand,verpflichtet,bedenk,gilt,einfuhr,tret,musst,ausnahm,verhind,darub,verordn,streng,verabschied,darauf,vorlag,geregelt,allgemein,bisher,danach,umsetz,geandert,artikel,abschaff,einschrank,praxis,verstoss,sollt,beschrank,erhalt,massnahm,sogenannt,verfass,verlang,neuregel,bundestag,vorhab,notwend,verpflicht,grundlag,widerstand,festgelegt,unabhang,streit,deshalb,erford,vereinbar,stimmt,ab,genannt
 ,0.038,0.014,0.012,0.011,0.01,0.008,0.007,0.007,0.007,0.007,0.006,0.006,0.006,0.006,0.006,0.005,0.005,0.005,0.005,0.005,0.005,0.005,0.005,0.005,0.005,0.004,0.004,0.004,0.004,0.004,0.004,0.004,0.004,0.004,0.004,0.004,0.004,0.004,0.004,0.003,0.003,0.003,0.003,0.003,0.003,0.003,0.003,0.003,0.003,0.003,0.003,0.003,0.003,0.003,0.003,0.003,0.003,0.003,0.003,0.003,0.003,0.003,0.002,0.002,0.002,0.002,0.002,0.002,0.002,0.002,0.002,0.002,0.002,0.002,0.002,0.002,0.002,0.002,0.002,0.002,0.002,0.002,0.002,0.002,0.002,0.002,0.002,0.002,0.002,0.002,0.002,0.002,0.002,0.002,0.002,0.002,0.002,0.002,0.002,0.002
topic10,zahl,wirtschaft,stark,deutlich,wachstum,statist,lag,wenig,erwartet,entwickl,gestieg,ruckgang,institut,gegenub,konjunktur,monat,industri,anstieg,niedrig,vergleich,erwart,durchschnitt,aufschwung,prognos,export,leicht,plus,dageg,positiv,gesunk,steigend,branch,nachfrag,trotz,rechnet,bundesamt,rechn,schwach,wiesbad,vorjahr,sogar,real,quartal,steig,erreicht,einschatz,zuruck,gering,zunehm,kraftig,ifo,niveau,trend,minus,allerding,rezession,ausland,arbeitslos,hoch,insgesamt,kommend,erhol,ging,bruttoinlandsprodukt,stieg,arbeitsmarkt,wirtschaftswachstum,optimist,zuwach,konjunkturell,durft,investition,gewerb,anhalt,zweit,wirtschaftsforsch,gut,drei,folg,prozentpunkt,zunahm,verband,west,bess,zuruckgegang,lieg,schlecht,laufend,weiterhin,expert,sinkend,beleb,langsam,fast,gunstig,vormonat,ost,hatt,wert,erhoht
 ,0.016,0.014,0.012,0.012,0.011,0.009,0.008,0.008,0.008,0.008,0.008,0.008,0.007,0.007,0.007,0.007,0.007,0.007,0.006,0.006,0.006,0.006,0.006,0.005,0.005,0.005,0.005,0.005,0.005,0.005,0.005,0.005,0.005,0.005,0.004,0.004,0.004,0.004,0.004,0.004,0.004,0.004,0.004,0.004,0.004,0.004,0.004,0.004,0.004,0.003,0.003,0.003,0.003,0.003,0.003,0.003,0.003,0.003,0.003,0.003,0.003,0.003,0.003,0.003,0.003,0.003,0.003,0.003,0.003,0.003,0.003,0.003,0.003,0.003,0.003,0.003,0.003,0.003,0.003,0.003,0.003,0.003,0.002,0.002,0.002,0.002,0.002,0.002,0.002,0.002,0.002,0.002,0.002,0.002,0.002,0.002,0.002,0.002,0.002,0.002
topic11,spd,grun,koalition,rot,bundestag,pds,berlin,bonn,fraktion,abgeordnet,bundesregier,partei,regier,sozialdemokrat,opposition,lafontain,union,clement,cdu,mehrheit,muntefering,bundnis,bundesrat,kanzl,fdp,reform,scharping,bundeskanzl,debatt,fraktionschef,parlamentar,vorsitz,streit,parteitag,bundestagsfraktion,antrag,ab,link,bish,minist,zustimm,geb,stimm,dageg,bundestagswahl,joschka,entscheid,fordert,sitzung,gross,fraktionsvorsitz,trittin,vorschlag,statt,struck,lehnt,bundestagsabgeordnet,dafur,vermittlungsausschuss,kompromiss,linkspartei,sprach,kabinett,beschluss,klar,deutlich,beschloss,abstimm,kunftig,konzept,koalitionspartn,gysi,stellvertret,zeitung,koalitionsvertrag,legislaturperiod,sozial,kundigt,kritik,nordrhein,wirtschaftsminist,westfal,warf,kanzleramt,ausschuss,woll,ministerprasident,thema,widerstand,forder,steinbruck,landtagswahl,donnerstag,diskussion,woch,staatssekretar,position,wochen,delegiert,papi
 ,0.102,0.071,0.025,0.023,0.02,0.019,0.016,0.015,0.012,0.011,0.011,0.011,0.009,0.008,0.008,0.008,0.008,0.008,0.007,0.007,0.007,0.007,0.006,0.006,0.006,0.006,0.005,0.005,0.005,0.005,0.005,0.004,0.004,0.004,0.004,0.003,0.003,0.003,0.003,0.003,0.003,0.003,0.003,0.003,0.003,0.003,0.003,0.003,0.003,0.003,0.002,0.002,0.002,0.002,0.002,0.002,0.002,0.002,0.002,0.002,0.002,0.002,0.002,0.002,0.002,0.002,0.002,0.002,0.002,0.002,0.002,0.002,0.002,0.002,0.002,0.002,0.002,0.002,0.002,0.002,0.002,0.002,0.002,0.002,0.002,0.002,0.002,0.002,0.002,0.002,0.002,0.002,0.002,0.002,0.002,0.002,0.001,0.001,0.001,0.001
topic12,prasident,regier,de,brasili,argentini,erklart,afp,mexiko,sudafrika,indonesi,national,ehemal,general,staatschef,diktator,woch,ex,indones,militar,jedoch,international,macht,kolumbi,pinochet,prot,brasilian,tag,fruh,hauptstadt,chil,jakarta,sudafrikan,staat,ap,unabhang,demokrati,buenos,cuba,castro,end,mexikan,argentin,anhang,nachd,opposition,bevolker,air,fordert,kundigt,san,unruh,chavez,sowi,afrikan,beweg,botschaft,simbabw,mandela,monat,rio,exil,fuhr,montag,osttimor,nigeria,kris,unterstutz,suharto,diktatur,kam,oberst,demokrat,mugab,oppositionell,kolumbian,revolution,farc,provinz,cuban,kuban,weiss,regim,la,putsch,entlass,venezuela,tausend,johannesburg,stadt,lateinamerika,ausland,sudafrikas,peru,port,zuruck,guerilla,ruckkehr,ab,schwarz,korruption
 ,0.039,0.021,0.007,0.007,0.007,0.007,0.006,0.006,0.005,0.005,0.005,0.005,0.005,0.004,0.004,0.004,0.004,0.004,0.004,0.004,0.004,0.004,0.004,0.004,0.004,0.004,0.004,0.004,0.004,0.003,0.003,0.003,0.003,0.003,0.003,0.003,0.003,0.003,0.003,0.003,0.003,0.003,0.003,0.003,0.003,0.003,0.003,0.003,0.002,0.002,0.002,0.002,0.002,0.002,0.002,0.002,0.002,0.002,0.002,0.002,0.002,0.002,0.002,0.002,0.002,0.002,0.002,0.002,0.002,0.002,0.002,0.002,0.002,0.002,0.002,0.002,0.002,0.002,0.002,0.002,0.002,0.002,0.002,0.002,0.002,0.002,0.002,0.002,0.002,0.002,0.002,0.002,0.002,0.002,0.002,0.002,0.002,0.002,0.002,0.002
topic13,us,usa,amerikan,washington,prasident,bush,new,york,clinton,georg,pakistan,amerika,republikan,staat,bill,regier,indi,kongress,dollar,haus,vereinigt,demokrat,indisch,bundesstaat,septemb,senat,senator,beid,weiss,amerikas,botschaft,tim,welt,kaschmir,woch,wichtig,tag,bezieh,delhi,reprasentantenhaus,kampf,gouverneur,ap,krieg,red,unterstutz,kaliforni,terror,los,afp,lad,aussenministerium,islamabad,gor,powell,vizeprasident,fbi,florida,erklart,konnt,kerry,ric,teil,terroranschlag,guantanamo,national,musharraf,post,allerding,albright,international,besuch,novemb,world,texas,verbundet,angel,atomwaff,plan,terrorismus,diplomat,aussenministerin,dol,starr,bish,lewinsky,trad,macht,anti,sanktion,of,fuhr,nation,bob,ind,zweit,ausserd,reagan,aussenpolit,pentagon
 ,0.088,0.074,0.061,0.041,0.038,0.029,0.026,0.022,0.02,0.012,0.012,0.01,0.01,0.01,0.01,0.009,0.008,0.008,0.008,0.008,0.008,0.006,0.006,0.006,0.005,0.005,0.004,0.004,0.004,0.004,0.004,0.004,0.004,0.004,0.003,0.003,0.003,0.003,0.003,0.003,0.002,0.002,0.002,0.002,0.002,0.002,0.002,0.002,0.002,0.002,0.002,0.002,0.002,0.002,0.002,0.002,0.002,0.002,0.002,0.002,0.002,0.002,0.002,0.002,0.002,0.002,0.002,0.002,0.002,0.002,0.002,0.002,0.002,0.002,0.002,0.002,0.002,0.002,0.001,0.001,0.001,0.001,0.001,0.001,0.001,0.001,0.001,0.001,0.001,0.001,0.001,0.001,0.001,0.001,0.001,0.001,0.001,0.001,0.001,0.001
topic14,mensch,tag,haus,stadt,stund,gross,imm,ganz,strass,gibt,meist,leb,lang,wenig,konnt,ort,uhr,met,fast,gebaud,arbeit,wass,nacht,komm,hundert,schwer,nah,steh,schad,minut,kam,fahr,taglich,raum,tausend,liegt,steht,tur,morg,halb,kilomet,entfernt,mal,schnell,leut,teil,katastroph,bild,musst,fahrt,bod,hand,heut,besond,letzt,hotel,lass,seh,angst,helf,leer,tief,gab,stand,abend,sitz,erd,uberall,wart,geh,gast,find,such,welt,hoch,allein,riesig,wand,ging,zuruck,voll,kaum,fest,verlass,hilf,paar,besuch,ab,fenst,rot,genau,grad,park,flut,wohnung,sogar,niemand,oft,fruh,bewohn
 ,0.014,0.013,0.013,0.01,0.008,0.006,0.006,0.006,0.006,0.006,0.005,0.005,0.005,0.005,0.005,0.005,0.005,0.005,0.004,0.004,0.004,0.004,0.004,0.004,0.004,0.003,0.003,0.003,0.003,0.003,0.003,0.003,0.003,0.003,0.003,0.003,0.003,0.003,0.003,0.003,0.003,0.003,0.003,0.003,0.003,0.003,0.003,0.003,0.003,0.003,0.003,0.002,0.002,0.002,0.002,0.002,0.002,0.002,0.002,0.002,0.002,0.002,0.002,0.002,0.002,0.002,0.002,0.002,0.002,0.002,0.002,0.002,0.002,0.002,0.002,0.002,0.002,0.002,0.002,0.002,0.002,0.002,0.002,0.002,0.002,0.002,0.002,0.002,0.002,0.002,0.002,0.002,0.002,0.002,0.002,0.002,0.002,0.002,0.002,0.002
topic15,internet,comput,kund,markt,microsoft,softwar,elektron,onlin,anbiet,gerat,nutz,weltweit,pc,dien,firm,digital,mobil,technologi,ibm,herstell,netz,handy,produkt,system,servic,schnell,technik,geschaft,information,angebot,sap,firma,branch,programm,it,mobilcom,technisch,intel,kart,umt,dienstleist,sony,etwa,com,aol,dat,zugang,de,telefon,entwickelt,erklart,bereich,fernseh,mobilfunk,munch,cent,allerding,dabei,sowi,mail,numm,windows,anwend,multimedia,philips,business,entwickl,beim,appl,kunftig,handys,pro,rechn,konkurrent,syst,bietet,start,nokia,angab,standard,rund,genannt,telekommunikation,chef,cd,www,lizenz,monat,laut,kost,marktanteil,compaq,netzwerk,konkurrenz,musik,gross,gat,dell,zufolg,moglich
 ,0.027,0.011,0.01,0.01,0.01,0.009,0.009,0.008,0.006,0.006,0.006,0.006,0.006,0.005,0.005,0.005,0.005,0.005,0.005,0.005,0.005,0.005,0.005,0.004,0.004,0.004,0.004,0.004,0.004,0.004,0.004,0.004,0.004,0.004,0.003,0.003,0.003,0.003,0.003,0.003,0.003,0.003,0.003,0.003,0.003,0.003,0.003,0.003,0.003,0.003,0.003,0.003,0.003,0.003,0.002,0.002,0.002,0.002,0.002,0.002,0.002,0.002,0.002,0.002,0.002,0.002,0.002,0.002,0.002,0.002,0.002,0.002,0.002,0.002,0.002,0.002,0.002,0.002,0.002,0.002,0.002,0.002,0.002,0.002,0.002,0.002,0.002,0.002,0.002,0.002,0.002,0.002,0.002,0.002,0.002,0.002,0.002,0.002,0.002,0.002
topic16,israel,palastinens,iran,arafat,arab,jerusal,scharon,agypt,regier,teheran,gaza,hamas,westjordanland,nah,syri,isral,aussenminist,prasident,judisch,nahost,netanjahu,streif,libanon,gebiet,arme,israelis,staat,ministerprasident,ost,fried,siedlung,friedensprozess,erklart,islam,kairo,besetzt,hisbollah,plo,barak,soldat,libanes,per,fuhr,tel,abbas,el,ruckzug,angab,woch,syrisch,jordani,tag,premi,saudi,aviv,regierungschef,ariel,gewalt,montag,treff,jassir,stadt,arabi,abzug,besuch,hebron,mittwoch,radikal,mubarak,international,afp,autonomiebehord,rabin,ap,rundfunk,organisation,dienstag,angriff,damaskus,beirut,fordert,likud,ramallah,botschaft,usa,palastinenserprasident,zuvor,donnerstag,beginn,terror,autonomi,minist,plan,grenz,assad,mitglied,abkomm,diplomat,sowi,teil
 ,0.063,0.038,0.024,0.015,0.01,0.01,0.009,0.008,0.008,0.007,0.007,0.007,0.007,0.007,0.007,0.006,0.006,0.006,0.006,0.006,0.006,0.006,0.005,0.005,0.005,0.005,0.005,0.005,0.005,0.005,0.004,0.004,0.004,0.004,0.004,0.004,0.004,0.004,0.004,0.004,0.003,0.003,0.003,0.003,0.003,0.003,0.003,0.003,0.003,0.003,0.003,0.003,0.003,0.003,0.003,0.003,0.003,0.003,0.003,0.003,0.003,0.003,0.003,0.003,0.003,0.002,0.002,0.002,0.002,0.002,0.002,0.002,0.002,0.002,0.002,0.002,0.002,0.002,0.002,0.002,0.002,0.002,0.002,0.002,0.002,0.002,0.002,0.002,0.002,0.002,0.002,0.002,0.002,0.002,0.002,0.002,0.002,0.002,0.002,0.002
topic17,macht,imm,recht,welt,wenig,wirklich,wer,gefahr,blick,lass,lasst,press,niemand,angst,versuch,kaum,schreibt,lang,tatsach,offent,kris,interess,darf,kampf,gar,steht,geht,bleibt,mag,tun,spiel,end,schwach,gewiss,frag,demokrati,scheint,staat,daran,nie,burg,all,west,kanzl,alt,ganz,gibt,kommentiert,zeigt,wort,vielleicht,versucht,krieg,braucht,gegn,roll,heut,geword,wahrheit,gewalt,wohl,gerad,red,endlich,konflikt,fehl,verstand,hart,verhaltnis,allein,schlimm,hoffnung,falsch,eigent,tief,verlor,furcht,moral,auss,zeig,glaubwurd,vertrau,deshalb,schwer,letzt,gesellschaft,tat,gegenteil,machtig,argument,gross,uberzeug,geschicht,wed,klar,verli,wahr,stet,aussenpolit,gegenub
 ,0.008,0.007,0.005,0.005,0.005,0.005,0.004,0.004,0.004,0.004,0.003,0.003,0.003,0.003,0.003,0.003,0.003,0.003,0.003,0.003,0.003,0.003,0.003,0.003,0.003,0.003,0.003,0.003,0.003,0.003,0.003,0.003,0.002,0.002,0.002,0.002,0.002,0.002,0.002,0.002,0.002,0.002,0.002,0.002,0.002,0.002,0.002,0.002,0.002,0.002,0.002,0.002,0.002,0.002,0.002,0.002,0.002,0.002,0.002,0.002,0.002,0.002,0.002,0.002,0.002,0.002,0.002,0.002,0.002,0.002,0.002,0.002,0.002,0.002,0.002,0.002,0.002,0.002,0.002,0.002,0.002,0.002,0.002,0.002,0.002,0.002,0.002,0.002,0.002,0.002,0.002,0.002,0.002,0.001,0.001,0.001,0.001,0.001,0.001,0.001
topic18,bahn,lufthansa,tv,flughaf,fluggesellschaft,flugzeug,airbus,maschin,boeing,airlin,flug,zug,air,streck,send,beim,ead,projekt,db,europa,passagi,munch,luft,start,pro,geplant,berlin,chef,derzeit,auftrag,pilot,programm,dasa,fernseh,mehdorn,gesellschaft,kirch,etwa,konsortium,airways,em,kost,rtl,partn,sieb,british,maut,schien,ausbau,flieg,verkehr,transrapid,ab,beteiligt,beid,bislang,rund,media,erhalt,verbind,premi,angebot,verkehrsminist,plan,ard,luftfahrt,eisenbahn,sprech,lkw,grosst,privat,ice,jet,sat,swissair,kanal,satellit,kund,sowi,ba,bau,united,ltu,drei,konkurrenz,konnt,gross,dorni,sitz,kunftig,aerospac,konkurrent,film,ziel,entscheid,bord,ausserd,raumfahrt,zud,toll
 ,0.022,0.015,0.013,0.012,0.011,0.011,0.01,0.008,0.007,0.006,0.006,0.006,0.006,0.006,0.006,0.006,0.005,0.005,0.005,0.005,0.005,0.005,0.004,0.004,0.004,0.004,0.004,0.004,0.004,0.004,0.004,0.004,0.004,0.004,0.004,0.004,0.004,0.003,0.003,0.003,0.003,0.003,0.003,0.003,0.003,0.003,0.003,0.003,0.003,0.003,0.003,0.003,0.003,0.003,0.003,0.003,0.003,0.003,0.002,0.002,0.002,0.002,0.002,0.002,0.002,0.002,0.002,0.002,0.002,0.002,0.002,0.002,0.002,0.002,0.002,0.002,0.002,0.002,0.002,0.002,0.002,0.002,0.002,0.002,0.002,0.002,0.002,0.002,0.002,0.002,0.002,0.002,0.002,0.002,0.002,0.002,0.002,0.002,0.002,0.002
topic19,punkt,index,akti,bors,dax,zahl,stieg,uhr,handl,papi,gab,schloss,euro,verlor,us,fiel,schwach,sz,aktienmarkt,titel,legt,dow,notiert,leicht,new,anleg,york,jon,rentenmarkt,kurs,fest,markt,lag,plus,analyst,wall,umlaufrendit,wert,stand,street,dienstag,donnerstag,sank,tendiert,gewinn,minus,deutlich,ab,nasdaq,montag,mittwoch,freundlich,mdax,gewann,handel,zog,zeigt,vortag,positiv,klettert,nachd,london,gut,verlust,aktienindex,kursgewinn,nikkei,tokio,kur,munch,futur,anleih,behauptet,paris,hang,rendit,verbessert,geschloss,woch,kursverlust,aktienkurs,frankfurt,bund,stark,staatsanleih,hongkong,kontrakt,tendenz,dollar,weltbors,ebenfall,cac,busst,stoxx,stimmung,profitiert,hoch,zehnjahr,europa,dageg
 ,0.042,0.021,0.019,0.018,0.018,0.017,0.011,0.01,0.01,0.009,0.009,0.009,0.009,0.009,0.009,0.008,0.008,0.008,0.008,0.008,0.007,0.007,0.007,0.007,0.007,0.007,0.007,0.007,0.006,0.006,0.006,0.006,0.006,0.006,0.005,0.005,0.005,0.005,0.005,0.005,0.005,0.005,0.005,0.005,0.005,0.004,0.004,0.004,0.004,0.004,0.004,0.004,0.004,0.004,0.004,0.004,0.004,0.004,0.003,0.003,0.003,0.003,0.003,0.003,0.003,0.003,0.003,0.003,0.003,0.003,0.003,0.003,0.003,0.003,0.003,0.003,0.003,0.003,0.003,0.003,0.003,0.003,0.003,0.003,0.002,0.002,0.002,0.002,0.002,0.002,0.002,0.002,0.002,0.002,0.002,0.002,0.002,0.002,0.002,0.002
topic20,ag,grupp,gmbh,gesellschaft,beteil,tocht,holding,teilt,dusseldorf,anteil,co,konz,stuttgart,verkauf,gehor,ubernomm,bereich,sowi,mitarbeit,munch,geschaftsfuhr,verkauft,beteiligt,angab,hamburg,frankfurt,umsatz,halt,mannheim,aktivitat,basf,ubernahm,hauptversamml,vorstand,partn,vorstandsvorsitz,kg,gegrundet,beschaftigt,bau,tatig,beid,ess,mehrheit,hochtief,ubernimmt,erwerb,heidelberg,geschaft,erworb,vertrieb,gehort,ubernehm,tochtergesellschaft,fuhrend,degussa,vwd,augsburg,uuml,firma,neb,kapital,grundig,babcock,dortmund,auml,kunftig,immobili,engagement,famili,grossaktionar,vorstandschef,mitteilt,zusamm,kaufpreis,bish,duisburg,preussag,osterreich,konzern,erhalt,international,eigentum,servic,klockn,zuletzt,baukonz,strateg,akquisition,beteiligungsgesellschaft,ventur,dach,schritt,wcm,chemi,herstell,aktiengesellschaft,koln,bad,stw
 ,0.064,0.026,0.022,0.016,0.015,0.012,0.011,0.011,0.01,0.01,0.009,0.009,0.009,0.008,0.007,0.007,0.006,0.006,0.006,0.006,0.006,0.005,0.005,0.005,0.005,0.005,0.005,0.005,0.005,0.005,0.005,0.005,0.005,0.004,0.004,0.004,0.004,0.004,0.004,0.004,0.004,0.004,0.003,0.003,0.003,0.003,0.003,0.003,0.003,0.003,0.003,0.003,0.003,0.003,0.003,0.003,0.003,0.003,0.003,0.002,0.002,0.002,0.002,0.002,0.002,0.002,0.002,0.002,0.002,0.002,0.002,0.002,0.002,0.002,0.002,0.002,0.002,0.002,0.002,0.002,0.002,0.002,0.002,0.002,0.002,0.002,0.002,0.002,0.002,0.002,0.002,0.002,0.002,0.002,0.002,0.002,0.002,0.002,0.001,0.001
topic21,fall,staatsanwaltschaft,vorwurf,ermittl,verdacht,affar,fruh,geld,hatt,untersuch,ehemal,ermittelt,skandal,zusammenhang,behord,damal,ausschuss,spend,angeb,untersuchungsausschuss,bericht,auftrag,aussag,mitarbeit,betrug,bekannt,offent,schad,ex,person,staatsanwalt,falsch,firma,pruf,verfahr,illegal,vorgeworf,korruption,aufklar,hinweis,offenbar,verantwort,eingeleitet,inzwisch,dabei,angab,vorgang,bestatigt,zeug,gegeb,zahlung,unterlag,wirtschaftspruf,erhalt,kont,information,beschuldigt,gerat,akt,erklart,bestech,untreu,erhob,gemacht,ermittlungsverfahr,informiert,anzeig,laut,lass,steuerhinterzieh,vernehm,schweiz,geht,nam,justiz,elf,verstoss,untersucht,schwer,beamt,beweis,manag,anwalt,eingestellt,handelt,gewusst,zuruck,wirft,tatsach,gutacht,prufung,genannt,moglicherweis,zustand,summ,enron,geldwasch,gezahlt,erkenntnis,verwickelt
 ,0.014,0.014,0.013,0.012,0.011,0.01,0.009,0.009,0.007,0.007,0.007,0.006,0.006,0.005,0.005,0.005,0.005,0.005,0.005,0.005,0.005,0.004,0.004,0.004,0.004,0.004,0.004,0.004,0.004,0.004,0.004,0.004,0.004,0.004,0.003,0.003,0.003,0.003,0.003,0.003,0.003,0.003,0.003,0.003,0.003,0.003,0.003,0.003,0.003,0.003,0.003,0.003,0.003,0.002,0.002,0.002,0.002,0.002,0.002,0.002,0.002,0.002,0.002,0.002,0.002,0.002,0.002,0.002,0.002,0.002,0.002,0.002,0.002,0.002,0.002,0.002,0.002,0.002,0.002,0.002,0.002,0.002,0.002,0.002,0.002,0.002,0.002,0.002,0.002,0.002,0.002,0.002,0.002,0.002,0.002,0.002,0.002,0.002,0.002,0.002
topic22,irak,un,soldat,krieg,einsatz,militar,nato,bundeswehr,bagdad,verteidigungsminist,sicherheitsrat,saddam,trupp,usa,nation,vereint,us,amerikan,waff,aussenminist,resolution,generalsekretar,hussein,arme,regier,annan,angriff,ruh,international,streitkraft,verteidigungsministerium,raket,afghanistan,diplomat,general,sanktion,unterstutz,uno,mann,wehrpflicht,beteil,mission,ziel,mandat,konflikt,kuwait,allianz,zivil,kofi,fuhrung,entsend,eingesetzt,mitglied,moglich,scharping,stationiert,etwa,regim,massenvernichtungswaff,botschaft,struck,staat,rat,standig,bedroh,bomb,panz,offizi,sollt,sicherheitspolit,schutz,luftwaff,marin,fall,aufgab,verbundet,rumsfeld,plan,konnt,sunnit,fried,verteid,aussenpolit,lag,gefahr,golfkrieg,flugzeug,schiit,diktator,nah,kampfflugzeug,verfug,hilf,terror,operation,inspektor,roll,bundnis,abzug,widerstand
 ,0.055,0.024,0.022,0.019,0.017,0.017,0.016,0.014,0.011,0.01,0.01,0.01,0.01,0.009,0.009,0.009,0.008,0.007,0.007,0.007,0.006,0.006,0.006,0.006,0.005,0.005,0.005,0.005,0.005,0.005,0.005,0.005,0.004,0.004,0.004,0.004,0.003,0.003,0.003,0.003,0.003,0.003,0.003,0.003,0.003,0.003,0.003,0.003,0.003,0.003,0.003,0.002,0.002,0.002,0.002,0.002,0.002,0.002,0.002,0.002,0.002,0.002,0.002,0.002,0.002,0.002,0.002,0.002,0.002,0.002,0.002,0.002,0.002,0.002,0.002,0.002,0.002,0.002,0.002,0.002,0.002,0.002,0.002,0.002,0.002,0.002,0.002,0.002,0.002,0.002,0.002,0.002,0.002,0.002,0.002,0.002,0.002,0.002,0.002,0.002
topic23,euro,milliard,gewinn,umsatz,quartal,ergebnis,verlust,erwartet,deutlich,konz,zahl,vorjahr,steu,monat,laufend,geschaftsjahr,halbjahr,gut,operativ,stark,zweit,stieg,dritt,erwart,geschaft,erzielt,analyst,neun,plus,positiv,teilt,akti,prognos,rechnet,steig,trotz,gestieg,frank,viert,lag,erhoht,sech,gesamtjahr,legt,je,knapp,vorstandschef,erreicht,minus,drei,schwach,wachstum,cent,zehn,verbucht,gesteigert,spart,verdient,zuruck,abschreib,vergleich,verkauf,erlos,vorjahreszeitraum,erreich,septemb,kraftig,insgesamt,beim,bess,ertrag,ziel,verbessert,allerding,bilanz,abgelauf,zins,gegenub,rund,funf,grosst,uberschuss,konzern,belast,erwirtschaftet,end,leicht,steigert,belastet,dank,sank,gerechnet,zweistell,bereich,verzeichnet,lieg,zwolf,ebit,schwierig,betrag
 ,0.104,0.041,0.027,0.024,0.021,0.019,0.015,0.012,0.012,0.011,0.009,0.009,0.008,0.008,0.008,0.008,0.007,0.007,0.007,0.007,0.007,0.006,0.006,0.006,0.006,0.006,0.005,0.005,0.005,0.005,0.005,0.005,0.005,0.005,0.004,0.004,0.004,0.004,0.004,0.004,0.004,0.004,0.004,0.004,0.004,0.004,0.004,0.003,0.003,0.003,0.003,0.003,0.003,0.003,0.003,0.003,0.003,0.003,0.003,0.003,0.003,0.003,0.003,0.003,0.003,0.003,0.003,0.003,0.003,0.003,0.003,0.003,0.003,0.002,0.002,0.002,0.002,0.002,0.002,0.002,0.002,0.002,0.002,0.002,0.002,0.002,0.002,0.002,0.002,0.002,0.002,0.002,0.002,0.002,0.002,0.002,0.002,0.002,0.002,0.002
topic24,wirtschaft,stark,ziel,wichtig,entwickl,zukunft,gross,dabei,notwend,konzept,bedeut,international,bess,struktur,sozial,wesent,unterschied,moglich,beispiel,roll,wettbewerb,bereich,okonom,aufgab,besond,erfolg,gemeinsam,kunftig,chanc,einzeln,schaff,problem,musst,langfrist,zunehm,dafur,imm,sieht,deshalb,verander,geb,strategi,syst,besteh,deutlich,insbesond,verantwort,diskussion,marktwirtschaft,global,einheit,voraussetz,interess,konn,zusammenhang,breit,eng,heisst,erfolgreich,thema,nachhalt,form,vorstell,betont,modell,schritt,entwickelt,fuhr,entwickeln,herausforder,verbund,beitrag,mittel,vielmehr,instrument,bleib,zentral,steh,aufbau,hinaus,globalisier,modern,richtung,positiv,teil,schwierig,geschaff,dah,nutz,erreich,meint,schnell,arbeit,stellt,losung,vorteil,darin,mittelstand,gestalt,bundesrepubl
 ,0.017,0.015,0.011,0.01,0.008,0.008,0.007,0.007,0.006,0.006,0.006,0.005,0.005,0.005,0.005,0.004,0.004,0.004,0.004,0.004,0.004,0.004,0.004,0.004,0.004,0.004,0.004,0.004,0.004,0.004,0.004,0.004,0.003,0.003,0.003,0.003,0.003,0.003,0.003,0.003,0.003,0.003,0.003,0.003,0.003,0.003,0.003,0.003,0.003,0.003,0.003,0.003,0.003,0.003,0.003,0.003,0.003,0.003,0.003,0.003,0.002,0.002,0.002,0.002,0.002,0.002,0.002,0.002,0.002,0.002,0.002,0.002,0.002,0.002,0.002,0.002,0.002,0.002,0.002,0.002,0.002,0.002,0.002,0.002,0.002,0.002,0.002,0.002,0.002,0.002,0.002,0.002,0.002,0.002,0.002,0.002,0.002,0.002,0.002,0.002
topic25,kampf,rebell,mensch,soldat,regier,angab,nord,hauptstadt,afghanistan,sud,fluchtling,trupp,taliban,stadt,lag,arme,getotet,grenz,uno,hatt,hilf,etwa,region,angriff,kabul,afghan,burgerkrieg,international,leb,miliz,ruanda,mindest,afp,sprech,berichtet,kilomet,gebiet,un,afrikan,krieg,schwer,tot,rot,ap,kongo,offensiv,vereint,konflikt,militar,afrika,aufstand,helf,tausend,nation,zivilist,gefecht,organisation,einheit,sudan,dorf,hilfsorganisation,provinz,kreuz,montag,bevolker,hundert,woch,tag,erklart,zair,waffenstillstand,ums,teilt,dienstag,zufolg,nah,rund,unterstutz,kam,flucht,nairobi,ost,heftig,sudlich,unterdess,waff,drei,verlass,humanitar,donnerstag,teil,gekomm,tamil,somalia,front,sri,verletzt,nachbarland,opf,hutu
 ,0.023,0.014,0.014,0.011,0.011,0.01,0.009,0.008,0.008,0.008,0.007,0.007,0.007,0.007,0.007,0.006,0.006,0.006,0.006,0.006,0.006,0.006,0.005,0.005,0.005,0.005,0.004,0.004,0.004,0.004,0.004,0.004,0.004,0.004,0.004,0.004,0.004,0.004,0.004,0.003,0.003,0.003,0.003,0.003,0.003,0.003,0.003,0.003,0.003,0.003,0.003,0.003,0.003,0.003,0.003,0.003,0.003,0.003,0.003,0.003,0.003,0.003,0.003,0.003,0.003,0.003,0.003,0.003,0.002,0.002,0.002,0.002,0.002,0.002,0.002,0.002,0.002,0.002,0.002,0.002,0.002,0.002,0.002,0.002,0.002,0.002,0.002,0.002,0.002,0.002,0.002,0.002,0.002,0.002,0.002,0.002,0.002,0.002,0.002,0.002
topic26,partei,wahl,parlament,stimm,mehrheit,regier,abgeordnet,kandidat,demokrat,opposition,gewahlt,konservativ,amt,ministerprasident,sitz,sozialdemokrat,abstimm,sozialist,sieg,regierungschef,koalition,link,wahlkampf,liberal,vorsitz,premi,parlamentswahl,kabinett,rucktritt,burg,neuwahl,recht,ergebnis,mandat,verfass,fruh,kommunist,stark,lag,niederlag,umfrag,osterreich,absolut,bisher,entscheid,gegn,fpo,stimmt,volkspartei,referendum,mitglied,minist,haid,amtszeit,kandidatur,anhang,wahlsieg,zweit,nachfolg,kommunalwahl,bewerb,knapp,mitt,burgermeist,ovp,christdemokrat,unterstutz,reform,vertret,regierungspartei,demokrati,verlor,gilt,erhielt,vier,wahlgang,spo,gewonn,unabhang,oppositionell,oppositionspartei,antret,fraktion,uberrasch,bundnis,parteichef,beid,kam,klar,wahlkreis,national,vorgezog,konnt,ex,chef,letzt,freiheit,stichwahl,wahlt,fuhr
 ,0.047,0.038,0.022,0.02,0.018,0.018,0.014,0.012,0.011,0.01,0.009,0.009,0.009,0.008,0.007,0.007,0.007,0.006,0.006,0.006,0.006,0.006,0.006,0.006,0.006,0.005,0.005,0.005,0.005,0.005,0.005,0.005,0.005,0.004,0.004,0.004,0.004,0.004,0.004,0.003,0.003,0.003,0.003,0.003,0.003,0.003,0.003,0.003,0.003,0.003,0.003,0.003,0.003,0.003,0.003,0.003,0.003,0.003,0.003,0.003,0.003,0.003,0.003,0.003,0.003,0.003,0.002,0.002,0.002,0.002,0.002,0.002,0.002,0.002,0.002,0.002,0.002,0.002,0.002,0.002,0.002,0.002,0.002,0.002,0.002,0.002,0.002,0.002,0.002,0.002,0.002,0.002,0.002,0.002,0.002,0.002,0.002,0.002,0.002,0.002
topic27,munch,frankfurt,koln,bayer,bay,rund,mess,hannov,munchn,leipzig,angab,veranstalt,ausstell,woch,verband,montag,sowi,dienstag,mittwoch,main,geschaftsfuhr,donnerstag,teilt,sprech,firm,international,insolvenz,berlin,zahl,insgesamt,statt,pleit,gesellschaft,sz,bericht,etwa,pressekonferenz,beim,konkur,eroffnet,finanziell,gestellt,hatt,eroffn,bau,besuch,glaubig,steh,laut,stellt,teil,erklart,steht,betroff,vorlauf,bekannt,grund,betrieb,quadratmet,end,expo,verein,bilanz,zufolg,lag,hall,grosst,veroffentlicht,erhalt,davon,dusseldorf,ebenfall,findet,gibt,freistaat,erwartet,dabei,drei,tag,geh,berichtet,bringt,knapp,gegang,angemeldet,geb,wirtschaft,derzeit,ab,geht,insolvenzverwalt,komm,schwierig,hiess,verfug,anlass,zusamm,gesichert,thema,bayern
 ,0.057,0.036,0.024,0.018,0.016,0.016,0.015,0.014,0.013,0.011,0.011,0.007,0.007,0.007,0.007,0.007,0.007,0.007,0.006,0.006,0.006,0.006,0.006,0.006,0.006,0.005,0.005,0.005,0.005,0.005,0.005,0.005,0.005,0.005,0.005,0.005,0.005,0.005,0.004,0.004,0.004,0.004,0.004,0.004,0.004,0.004,0.004,0.004,0.004,0.004,0.003,0.003,0.003,0.003,0.003,0.003,0.003,0.003,0.003,0.003,0.003,0.003,0.003,0.003,0.003,0.003,0.003,0.003,0.003,0.003,0.003,0.003,0.003,0.003,0.003,0.003,0.003,0.003,0.003,0.003,0.003,0.003,0.003,0.002,0.002,0.002,0.002,0.002,0.002,0.002,0.002,0.002,0.002,0.002,0.002,0.002,0.002,0.002,0.002,0.002
topic28,kritik,konn,kritisiert,erklart,sprech,hatt,fordert,bericht,wies,betont,zuruck,geb,bezeichnet,warnt,woll,scharf,aussert,sprach,nannt,heftig,ausser,erneut,jedoch,darauf,reagiert,zeitung,wort,brief,warf,streit,frag,ansicht,entscheid,dageg,forder,gegenub,halt,vorwurf,verteidigt,vorgeh,erklar,red,raumt,zugleich,fehl,verwi,lehnt,davor,reaktion,falsch,verhalt,verlangt,fugt,kritisch,moglich,unterdess,vollig,haltung,wonach,musst,gegeb,geaussert,hinzu,bekraftigt,deutlich,meint,mittwoch,massiv,offent,klar,allerding,dienstag,meinung,donnerstag,gewarnt,diskussion,sollt,zusammenhang,hiess,off,ledig,zud,schritt,aufgefordert,wiederholt,geplant,ausdruck,ubt,ab,zuvor,ausgelost,druck,notwend,aussag,bundesregier,gemacht,zuruckgewies,gefordert,zuruckhalt,sprecherin
 ,0.028,0.022,0.019,0.018,0.018,0.017,0.014,0.013,0.012,0.012,0.011,0.011,0.01,0.01,0.01,0.01,0.009,0.008,0.008,0.008,0.007,0.007,0.007,0.007,0.006,0.006,0.006,0.006,0.006,0.005,0.005,0.005,0.005,0.005,0.005,0.005,0.005,0.004,0.004,0.004,0.004,0.004,0.004,0.004,0.004,0.004,0.004,0.004,0.004,0.004,0.004,0.004,0.004,0.004,0.004,0.004,0.004,0.004,0.004,0.004,0.004,0.003,0.003,0.003,0.003,0.003,0.003,0.003,0.003,0.003,0.003,0.003,0.003,0.003,0.003,0.003,0.003,0.003,0.003,0.003,0.003,0.003,0.003,0.003,0.003,0.003,0.003,0.003,0.003,0.003,0.003,0.003,0.003,0.003,0.002,0.002,0.002,0.002,0.002,0.002
topic29,chef,vorstand,aufsichtsrat,nachfolg,manag,vorsitz,mitglied,amt,verantwort,spitz,zustand,fruh,geschaftsfuhr,sz,bisher,beruf,vorstandsvorsitz,aufgab,vorstandsmitglied,post,stellvertret,leit,hauptversamml,kunftig,ubernehm,jahrig,vorstandschef,ehemal,end,tatig,bish,zuletzt,vorgang,tritt,fuhrung,wechsel,rucktritt,person,management,ab,aktionar,berat,ubernimmt,uberrasch,vertret,wechselt,entscheid,gilt,grund,personali,gremium,mai,konzern,ernannt,januar,leitet,aufsichtsratsvorsitz,position,ausscheid,verlass,ruhestand,finanz,steht,funktion,bestellt,zuvor,wirkung,langjahr,april,leitung,anfang,fuhrungskraft,wunsch,gewahlt,ressort,bleibt,verwaltungsrat,geht,mg,lost,juli,beim,bekannt,ubernomm,gehort,aufsichtsratschef,verlasst,erfahr,gehalt,sitzung,heisst,oktob,bereich,vizeprasident,finanzvorstand,vertrag,besetz,zuruckgetret,top,ex
 ,0.039,0.03,0.02,0.017,0.015,0.012,0.012,0.012,0.01,0.01,0.009,0.009,0.009,0.008,0.008,0.008,0.007,0.007,0.007,0.007,0.006,0.006,0.006,0.006,0.006,0.006,0.006,0.006,0.005,0.005,0.005,0.005,0.005,0.005,0.005,0.005,0.005,0.005,0.004,0.004,0.004,0.004,0.004,0.004,0.004,0.004,0.004,0.004,0.004,0.004,0.004,0.004,0.003,0.003,0.003,0.003,0.003,0.003,0.003,0.003,0.003,0.003,0.003,0.003,0.003,0.003,0.003,0.003,0.003,0.003,0.003,0.003,0.003,0.003,0.003,0.003,0.003,0.003,0.003,0.003,0.003,0.002,0.002,0.002,0.002,0.002,0.002,0.002,0.002,0.002,0.002,0.002,0.002,0.002,0.002,0.002,0.002,0.002,0.002,0.002
topic30,bau,anlag,umwelt,transport,schiff,projekt,etwa,umweltschutz,industri,boot,okolog,trittin,beim,gefahr,tonn,betrieb,reaktor,atomkraftwerk,energi,greenpeac,kost,kernkraftwerk,betreib,kilomet,umweltminist,ausstieg,haf,technisch,autobahn,verkehr,konnt,nutzung,moglich,entsorg,musst,kraftwerk,bish,unfall,angab,alt,uran,behalt,geplant,lang,strass,topf,wass,hatt,expert,klimaschutz,radioaktiv,umweltpolit,castor,atom,zehn,abfall,autofahr,gorleb,fahr,protokoll,kyoto,bundesregier,technik,dabei,genehm,prot,atommull,teil,gebaut,material,kernenergi,ausserd,atomenergi,drei,sprech,ausstoss,niedersachs,umweltministerium,kohlendioxid,ap,stoff,emission,plan,ministerium,fordert,kust,gebiet,natur,zustand,rund,naturschutz,schutz,konn,mull,geh,zwischenlag,belast,bericht,tuv,jedoch
 ,0.013,0.008,0.007,0.007,0.007,0.006,0.006,0.005,0.005,0.005,0.004,0.004,0.004,0.004,0.004,0.004,0.004,0.004,0.004,0.004,0.004,0.004,0.004,0.004,0.004,0.003,0.003,0.003,0.003,0.003,0.003,0.003,0.003,0.003,0.003,0.003,0.003,0.003,0.003,0.003,0.003,0.003,0.003,0.002,0.002,0.002,0.002,0.002,0.002,0.002,0.002,0.002,0.002,0.002,0.002,0.002,0.002,0.002,0.002,0.002,0.002,0.002,0.002,0.002,0.002,0.002,0.002,0.002,0.002,0.002,0.002,0.002,0.002,0.002,0.002,0.002,0.002,0.002,0.002,0.002,0.002,0.002,0.002,0.002,0.002,0.002,0.002,0.002,0.002,0.002,0.002,0.002,0.002,0.002,0.002,0.002,0.002,0.002,0.002,0.001
topic31,gericht,urteil,klag,prozess,fall,verfahr,entscheid,verurteilt,karlsruh,angeklagt,anwalt,entschied,haft,landgericht,ddr,anklag,verteid,jurist,fruh,recht,antrag,bundesverfassungsgericht,gerichtshof,justiz,bgh,straf,hatt,oberst,ehemal,bundesgerichtshof,drei,verstoss,begrund,erklart,oberlandesgericht,damal,beschwerd,zeug,gefangnis,staatsanwaltschaft,haftstraf,beantragt,kassel,senat,schuldig,az,beruf,verurteil,bestatigt,instanz,beschluss,monat,bewahr,verfassungsgericht,berlin,rechtsanwalt,ex,vorwurf,eingereicht,darf,verhangt,sah,verantwort,aussag,richt,schwer,wies,revision,vorgeworf,erhob,lebenslang,verwaltungsgericht,begrundet,todesstraf,aufgehob,anspruch,staatsanwalt,vorsitz,ansicht,mord,zweit,zustand,tat,beid,einstweil,entlass,gemacht,beim,ap,freispruch,verbot,geltend,verletz,ausliefer,geldstraf,gefordert,konn,schadenersatz,abgelehnt,kamm
 ,0.036,0.023,0.02,0.02,0.016,0.016,0.015,0.014,0.012,0.012,0.01,0.009,0.009,0.008,0.008,0.007,0.007,0.007,0.007,0.006,0.006,0.006,0.005,0.005,0.005,0.005,0.005,0.005,0.004,0.004,0.004,0.004,0.004,0.004,0.003,0.003,0.003,0.003,0.003,0.003,0.003,0.003,0.003,0.003,0.003,0.003,0.003,0.003,0.003,0.003,0.003,0.003,0.003,0.003,0.003,0.003,0.003,0.002,0.002,0.002,0.002,0.002,0.002,0.002,0.002,0.002,0.002,0.002,0.002,0.002,0.002,0.002,0.002,0.002,0.002,0.002,0.002,0.002,0.002,0.002,0.002,0.002,0.002,0.002,0.002,0.002,0.002,0.002,0.002,0.002,0.002,0.002,0.002,0.002,0.002,0.002,0.002,0.002,0.002,0.002
topic32,kind,schul,universitat,jugend,studi,student,elt,lehr,famili,jung,arbeit,ausbild,professor,wenig,bildung,wissenschaft,hochschul,etwa,alt,beruf,zahl,stiftung,institut,bess,sozial,gesellschaft,forschung,mensch,stell,geb,wissenschaftl,gibt,musst,ford,imm,meist,bonn,geld,besond,gefordert,konnt,zehn,bewerb,projekt,programm,wirtschaft,gut,dafur,sollt,fordert,forder,erzieh,unterricht,dabei,einricht,reform,oft,schlecht,lehrstell,bulmahn,erhalt,studium,lern,betreu,stark,staatlich,bund,statt,fach,mangel,berat,sprach,haufig,allein,initiativ,ab,ruttg,forsch,unterstutz,lang,drei,zusatz,sowi,zukunft,komm,fehl,leistung,bafog,einfuhr,geh,hilf,heisst,erwachs,grund,klass,kunftig,vier,pro,kindergart,bekomm
 ,0.029,0.02,0.011,0.011,0.009,0.009,0.009,0.008,0.007,0.007,0.007,0.007,0.007,0.007,0.007,0.006,0.006,0.006,0.006,0.006,0.006,0.006,0.005,0.005,0.005,0.005,0.004,0.004,0.004,0.004,0.004,0.004,0.004,0.004,0.004,0.004,0.003,0.003,0.003,0.003,0.003,0.003,0.003,0.003,0.003,0.003,0.003,0.003,0.003,0.003,0.003,0.003,0.003,0.003,0.003,0.003,0.003,0.003,0.002,0.002,0.002,0.002,0.002,0.002,0.002,0.002,0.002,0.002,0.002,0.002,0.002,0.002,0.002,0.002,0.002,0.002,0.002,0.002,0.002,0.002,0.002,0.002,0.002,0.002,0.002,0.002,0.002,0.002,0.002,0.002,0.002,0.002,0.002,0.002,0.002,0.002,0.002,0.002,0.002,0.002
topic33,franzos,paris,frankreich,itali,italien,regier,spani,de,spanisch,niederland,rom,chirac,madrid,prasident,mailand,berlusconi,jacqu,le,sozialist,europa,national,eta,holland,belgisch,chef,belgi,jospin,la,franc,woch,lir,link,zeitung,premierminist,sowi,afp,staatlich,beid,amsterdam,ministerprasident,tag,premi,aznar,staatsprasident,regierungschef,minist,fruh,prodi,drei,mitt,baskisch,silvio,monat,mitterrand,letzt,region,staat,sarkozy,jos,romisch,gross,juppé,erklart,turin,bish,elf,dabei,italia,end,grosst,front,olivetti,villepin,francs,françois,bericht,nord,di,pen,partn,spa,teil,nachd,pp,fuhr,privatisier,gehort,ab,bnp,europas,dominiqu,wichtig,mond,allianz,gab,macht,van,lag,baskenland,nationalversamml
 ,0.058,0.041,0.04,0.027,0.022,0.016,0.014,0.014,0.013,0.012,0.012,0.012,0.009,0.008,0.007,0.007,0.006,0.006,0.006,0.006,0.005,0.005,0.004,0.004,0.004,0.004,0.004,0.004,0.004,0.004,0.004,0.004,0.003,0.003,0.003,0.003,0.003,0.003,0.003,0.003,0.003,0.003,0.003,0.003,0.003,0.003,0.003,0.003,0.003,0.003,0.003,0.002,0.002,0.002,0.002,0.002,0.002,0.002,0.002,0.002,0.002,0.002,0.002,0.002,0.002,0.002,0.002,0.002,0.002,0.002,0.002,0.002,0.002,0.002,0.002,0.002,0.002,0.002,0.002,0.002,0.002,0.002,0.002,0.002,0.002,0.002,0.002,0.002,0.002,0.002,0.002,0.001,0.001,0.001,0.001,0.001,0.001,0.001,0.001,0.001
topic34,rent,steu,privat,euro,beitrag,monat,zahl,einkomm,wer,erhalt,alt,kost,etwa,leistung,ab,gesetz,vertrag,pro,anspruch,versichert,fall,riest,miet,beim,kunftig,wohnung,rentenversicher,betrag,niedrig,gilt,geld,zusatz,allerding,regel,versicher,rentn,arbeitnehm,spar,jahrlich,zahlt,altersvorsorg,beispiel,bish,voll,besteuer,versich,moglich,gering,pflegeversicher,gezahlt,derzeit,finanzamt,bezahl,modell,staatlich,teil,vermog,erhoh,je,deshalb,jedoch,gibt,durchschnitt,burg,krankenversicher,wenig,lebensversicher,steuerfrei,musst,dafur,genannt,berechn,mindest,prami,sollt,belast,dabei,sozialhilf,grund,januar,famili,gleich,gelt,vorteil,finanziell,fiskus,forder,bezahlt,unterschied,steig,entsprech,zahlung,ledig,betrieb,zehn,rentenreform,pauschal,bekomm,erheb,satz
 ,0.011,0.01,0.01,0.009,0.008,0.007,0.007,0.006,0.006,0.006,0.006,0.006,0.006,0.006,0.005,0.005,0.005,0.005,0.004,0.004,0.004,0.004,0.004,0.004,0.004,0.004,0.004,0.004,0.004,0.004,0.004,0.003,0.003,0.003,0.003,0.003,0.003,0.003,0.003,0.003,0.003,0.003,0.003,0.003,0.003,0.003,0.003,0.003,0.003,0.003,0.002,0.002,0.002,0.002,0.002,0.002,0.002,0.002,0.002,0.002,0.002,0.002,0.002,0.002,0.002,0.002,0.002,0.002,0.002,0.002,0.002,0.002,0.002,0.002,0.002,0.002,0.002,0.002,0.002,0.002,0.002,0.002,0.002,0.002,0.002,0.002,0.002,0.002,0.002,0.002,0.002,0.002,0.002,0.002,0.002,0.002,0.002,0.002,0.002,0.002
topic35,berlin,hamburg,ost,bad,bundesland,westfal,sachs,cdu,stadt,bund,nordrhein,ostdeutsch,ministerprasident,brandenburg,west,niedersachs,anhalt,dusseldorf,brem,stuttgart,landtag,thuring,hess,rheinland,spd,dresd,ddr,landesregier,schleswig,holstein,ostdeutschland,ap,kiel,kommun,burgermeist,magdeburg,bay,pfalz,potsdam,sachsisch,vorpomm,gemeind,offent,mainz,bundesweit,wurttemberg,westdeutsch,hessisch,schwerin,saarland,kommunal,alt,erfurt,erhalt,region,stolp,oberburgermeist,biedenkopf,hannov,vulkan,schill,wiesbad,sowi,senat,ehemal,aufbau,nrw,hatt,rhein,kreis,umzug,saarbruck,rostock,hall,teufel,bish,erklart,beid,lubeck,einheit,funf,wend,bvs,nord,vier,landtagswahl,dvu,heid,staatssekretar,staatskanzlei,landkreis,diepg,projekt,pfalzisch,wirtschaftsminist,kundigt,hauptstadt,milbradt,ab,verein
 ,0.09,0.028,0.023,0.018,0.018,0.017,0.016,0.015,0.015,0.014,0.014,0.013,0.012,0.012,0.011,0.011,0.01,0.01,0.009,0.009,0.009,0.008,0.008,0.008,0.007,0.007,0.007,0.007,0.007,0.007,0.006,0.006,0.006,0.006,0.006,0.005,0.005,0.005,0.005,0.005,0.005,0.005,0.004,0.004,0.004,0.004,0.004,0.004,0.004,0.004,0.004,0.004,0.003,0.003,0.003,0.003,0.003,0.003,0.003,0.003,0.003,0.003,0.003,0.003,0.003,0.003,0.002,0.002,0.002,0.002,0.002,0.002,0.002,0.002,0.002,0.002,0.002,0.002,0.002,0.002,0.002,0.002,0.002,0.002,0.002,0.002,0.002,0.002,0.002,0.002,0.002,0.002,0.002,0.002,0.002,0.002,0.002,0.002,0.001,0.001
topic36,mitarbeit,siem,beschaftigt,arbeitsplatz,stell,rund,standort,konz,bereich,etwa,werk,weltweit,produktion,derzeit,firm,konzern,end,munch,abbau,geplant,auftrag,belegschaft,spart,herstell,sowi,kost,geschaft,insgesamt,zahl,davon,grosst,infineon,teil,drei,investition,fertig,industri,management,markt,branch,ausland,betroff,sieht,europa,schliessung,baut,betrieb,stellenabbau,betriebsrat,fabrik,tocht,funf,verlust,entwickl,plan,chef,angab,erklart,abb,ziel,gut,entlass,angekundigt,produkt,technologi,jahrlich,abgebaut,kapazitat,kunftig,werft,halft,dabei,geh,personal,ab,stark,zud,personalabbau,erhalt,investiert,geschloss,tech,chemi,umstrukturier,gestrich,pier,hart,allein,drittel,sanier,zukunft,alcatel,schliess,vier,asi,verlagert,reduziert,kundig,dienstleist,maschin
 ,0.033,0.021,0.018,0.017,0.015,0.014,0.013,0.012,0.011,0.011,0.011,0.009,0.008,0.007,0.007,0.007,0.006,0.005,0.005,0.005,0.005,0.005,0.005,0.005,0.005,0.005,0.005,0.004,0.004,0.004,0.004,0.004,0.004,0.004,0.004,0.004,0.004,0.004,0.004,0.004,0.004,0.004,0.004,0.003,0.003,0.003,0.003,0.003,0.003,0.003,0.003,0.003,0.003,0.003,0.003,0.003,0.003,0.003,0.003,0.003,0.003,0.003,0.003,0.003,0.003,0.003,0.003,0.003,0.003,0.003,0.003,0.002,0.002,0.002,0.002,0.002,0.002,0.002,0.002,0.002,0.002,0.002,0.002,0.002,0.002,0.002,0.002,0.002,0.002,0.002,0.002,0.002,0.002,0.002,0.002,0.002,0.002,0.002,0.002,0.002
topic37,russisch,russland,moskau,prasident,jelzin,putin,ukrain,tschetscheni,staat,russ,ungarn,west,regier,tschetschen,nato,republ,wladimir,westlich,nachrichtenagentur,kreml,kommunist,fruh,unabhang,sowjetunion,sowjet,grosny,erklart,rumani,ministerprasident,kiew,ungar,slowakei,international,region,meldet,georgi,fuhrung,zusammenarbeit,ehemal,interfax,ost,budap,weissrussland,afp,regierungschef,kaukasus,aussenminist,hauptstadt,tschernomyrdin,bezieh,duma,bulgari,beid,parlament,slowak,moskaus,entlass,besuch,zufolg,macht,offiziell,krieg,wichtig,litau,osteuropa,tschetsch,tag,yukos,wirtschaft,woch,gazprom,angab,sowi,teil,konflikt,staatschef,unterzeichnet,agentur,lebed,gus,ruman,lag,primakow,ap,petersburg,lukaschenko,tass,end,stellvertret,staatlich,gorbatschow,vertrag,partnerschaft,eng,mittwoch,kampf,viz,michail,unterstutz,montag
 ,0.051,0.05,0.034,0.031,0.019,0.012,0.011,0.01,0.007,0.007,0.006,0.006,0.006,0.006,0.006,0.006,0.005,0.005,0.005,0.005,0.004,0.004,0.004,0.004,0.004,0.004,0.004,0.004,0.003,0.003,0.003,0.003,0.003,0.003,0.003,0.003,0.003,0.003,0.003,0.003,0.003,0.003,0.003,0.003,0.003,0.003,0.003,0.003,0.003,0.003,0.003,0.003,0.003,0.003,0.002,0.002,0.002,0.002,0.002,0.002,0.002,0.002,0.002,0.002,0.002,0.002,0.002,0.002,0.002,0.002,0.002,0.002,0.002,0.002,0.002,0.002,0.002,0.002,0.002,0.002,0.002,0.002,0.002,0.002,0.002,0.002,0.002,0.002,0.002,0.002,0.002,0.002,0.002,0.002,0.002,0.002,0.002,0.002,0.002,0.002
topic38,turkei,zeitung,bericht,turkisch,berichtet,information,journalist,geheimdien,ankara,hatt,angeb,zufolg,pkk,bestatigt,behord,stasi,kurd,medi,sprech,fall,kurdisch,kontakt,bekannt,bnd,angab,woch,istanbul,offenbar,magazin,erklart,veroffentlicht,blatt,akt,hiess,turk,liby,zitiert,geheim,laut,mitarbeit,fruh,offiziell,verbot,chef,beruf,ap,hinweis,agent,cia,hamburg,press,informiert,ocalan,afp,gegeb,wonach,dien,mittwoch,quell,botschaft,donnerstag,nachrichtenmagazin,meldung,nam,jedoch,dementiert,montag,mitglied,dokument,focus,nachrichtenagentur,report,gab,person,unterlag,septemb,veroffentlich,dienstag,schrieb,zeitungsbericht,bild,tag,dabei,list,arbeiterpartei,tageszeit,aussag,seit,kurdistan,gefuhrt,genannt,kreis,darstell,ministerium,gemacht,brief,islamist,meldet,vertraulich,material
 ,0.026,0.025,0.022,0.022,0.02,0.015,0.01,0.009,0.009,0.009,0.009,0.009,0.007,0.007,0.007,0.007,0.007,0.006,0.006,0.006,0.006,0.006,0.005,0.005,0.005,0.005,0.005,0.005,0.005,0.005,0.005,0.005,0.005,0.004,0.004,0.004,0.004,0.004,0.004,0.004,0.004,0.004,0.004,0.004,0.004,0.003,0.003,0.003,0.003,0.003,0.003,0.003,0.003,0.003,0.003,0.003,0.003,0.003,0.003,0.003,0.003,0.003,0.003,0.003,0.003,0.003,0.003,0.003,0.003,0.003,0.002,0.002,0.002,0.002,0.002,0.002,0.002,0.002,0.002,0.002,0.002,0.002,0.002,0.002,0.002,0.002,0.002,0.002,0.002,0.002,0.002,0.002,0.002,0.002,0.002,0.002,0.002,0.002,0.002,0.002
topic39,recht,suddeutsch,gmbh,verlag,vorbehalt,onlin,feu,bericht,thyss,rund,mr,zeitung,stahl,moll,bonn,krupp,spring,alp,ab,sowi,kap,gelehr,client,drei,bish,hatt,europaich,konnt,end,erklart,klink,beid,oktob,erhalt,grossist,gestresst,vier,mitteilt,treuhand,letzt,angab,scharfsinn,hoch,teilt,allgemein,auflag,teil,funf,entsprech,beim,verleg,maigel,gehor,zeitschrift,ausserd,arcelor,michal,bild,grotesk,zusamm,halt,ess,jedoch,zweit,sogenannt,salzgitt,dabei,nachd,stahlindustri,bleib,ausbessert,gegenub,sech,mittal,progress,exemplar,davon,beteiligt,besteh,de,coup,rodet,spe,zunach,gegeb,steel,stellt,privatisier,echo,moglich,gesamt,bus,elf,burda,goss,gleich,kommentar,sieht,lag,insgesamt
 ,0.044,0.038,0.035,0.035,0.031,0.025,0.013,0.012,0.01,0.009,0.009,0.009,0.007,0.007,0.007,0.007,0.006,0.006,0.006,0.006,0.005,0.005,0.005,0.004,0.004,0.004,0.003,0.003,0.003,0.003,0.003,0.003,0.003,0.003,0.003,0.003,0.003,0.003,0.003,0.003,0.003,0.003,0.003,0.003,0.002,0.002,0.002,0.002,0.002,0.002,0.002,0.002,0.002,0.002,0.002,0.002,0.002,0.002,0.002,0.002,0.002,0.002,0.002,0.002,0.002,0.002,0.002,0.002,0.002,0.002,0.002,0.002,0.002,0.002,0.002,0.002,0.002,0.002,0.002,0.002,0.002,0.002,0.002,0.002,0.001,0.001,0.001,0.001,0.001,0.001,0.001,0.001,0.001,0.001,0.001,0.001,0.001,0.001,0.001,0.001
topic40,japan,vw,bmw,fahrzeug,autos,ford,motor,tokio,daiml,nordkorea,daimlerchrysl,auto,modell,volkswag,herstell,werk,markt,opel,konz,chrysl,seoul,autoherstell,verkauft,produktion,gm,stuttgart,mark,porsch,audi,pkw,sudkorea,general,absatz,europa,rund,yen,verkauf,pjongjang,rov,wolfsburg,sudkorean,fiat,roll,schrempp,drei,renault,chef,korean,autoindustri,etwa,tocht,autobau,nordkorean,klass,nutzfahrzeug,marktanteil,einheit,mitsubishi,grosst,bish,beim,piëch,usa,stuck,wag,ab,konzern,funf,pischetsried,weltweit,produziert,smart,end,bau,entwickl,fabrik,autokonz,lkw,royc,volvo,beid,vier,monat,toyota,golf,zulief,kfz,derzeit,mtu,konnt,billion,gebaut,nissan,automobil,nordkoreas,detroit,nippon,teilt,automobilindustri,fertig
 ,0.04,0.024,0.015,0.013,0.013,0.012,0.011,0.011,0.011,0.009,0.009,0.009,0.008,0.008,0.008,0.008,0.008,0.008,0.006,0.006,0.006,0.006,0.006,0.006,0.006,0.005,0.005,0.005,0.005,0.005,0.005,0.005,0.005,0.005,0.005,0.004,0.004,0.004,0.004,0.004,0.004,0.004,0.004,0.004,0.004,0.004,0.004,0.003,0.003,0.003,0.003,0.003,0.003,0.003,0.003,0.003,0.003,0.003,0.003,0.003,0.003,0.003,0.003,0.003,0.003,0.003,0.003,0.002,0.002,0.002,0.002,0.002,0.002,0.002,0.002,0.002,0.002,0.002,0.002,0.002,0.002,0.002,0.002,0.002,0.002,0.002,0.002,0.002,0.002,0.002,0.002,0.002,0.002,0.002,0.002,0.002,0.002,0.002,0.002,0.002
topic41,kosovo,bosni,serb,serbisch,nato,bosnisch,belgrad,uno,alban,prasident,international,milosevic,jugoslawi,muslim,haag,serbi,jugoslaw,kroatisch,kroati,mazedoni,krieg,tribunal,sarajewo,regier,balkan,kriegsverbrech,aussenminist,un,kroat,erklart,uck,albani,gebiet,stadt,slobodan,karadzic,fruh,sprech,afp,fuhr,hatt,trupp,montenegro,unabhang,soldat,angab,zagreb,friedenstrupp,fluchtling,montag,konflikt,herzegowina,kinkel,luftangriff,vertret,osz,sarajevo,west,fuhrung,general,fried,teil,ap,ruckkehr,ehemal,mazedon,dayton,pristina,republ,kfor,tag,provinz,schwer,angriff,einheit,beginn,diplomat,djindjic,arme,foderation,tudjman,westlich,gemeinschaft,ethnisch,beauftragt,kostunica,jedoch,vermittl,woch,dienstag,lag,abkomm,kontaktgrupp,mladic,milosevics,rest,unterdess,druck,waff,skopj
 ,0.024,0.021,0.018,0.018,0.015,0.015,0.014,0.014,0.012,0.011,0.011,0.01,0.01,0.009,0.008,0.007,0.007,0.006,0.006,0.006,0.005,0.005,0.005,0.005,0.005,0.005,0.004,0.004,0.004,0.004,0.004,0.004,0.004,0.004,0.004,0.003,0.003,0.003,0.003,0.003,0.003,0.003,0.003,0.003,0.003,0.003,0.003,0.003,0.003,0.003,0.003,0.003,0.003,0.003,0.002,0.002,0.002,0.002,0.002,0.002,0.002,0.002,0.002,0.002,0.002,0.002,0.002,0.002,0.002,0.002,0.002,0.002,0.002,0.002,0.002,0.002,0.002,0.002,0.002,0.002,0.002,0.002,0.002,0.002,0.002,0.002,0.002,0.002,0.002,0.002,0.002,0.002,0.002,0.002,0.002,0.002,0.002,0.002,0.002,0.002
topic42,akti,bors,anleg,fond,markt,investor,papi,borsengang,frankfurt,euro,wert,rendit,etwa,kur,anleih,analyst,geld,kapital,firm,derzeit,ab,angebot,investment,verkauf,handel,monat,gewinn,aktionar,jedoch,rund,allerding,anteil,laufzeit,institutionell,genannt,kapitalmarkt,langfrist,gesellschaft,expert,investiert,wertpapi,emission,gehandelt,halt,investi,kauf,funf,meist,gross,anlag,management,preis,kapitalerhoh,risiko,volum,beim,privatanleg,zehn,notiert,moglich,zins,immobili,anbiet,liegt,international,hedg,gering,rat,zud,fondsgesellschaft,produkt,kurs,drei,beispielsweis,bislang,je,titel,ausland,aktuell,fondsmanag,branch,vergleich,privat,niedrig,kurzfrist,lieg,sollt,aktienmarkt,option,dabei,angab,komm,teil,standard,attraktiv,immobilienfond,bewert,aktienfond,wenig,stock
 ,0.034,0.027,0.019,0.016,0.014,0.011,0.01,0.009,0.009,0.009,0.008,0.007,0.006,0.006,0.006,0.005,0.005,0.005,0.005,0.005,0.004,0.004,0.004,0.004,0.003,0.003,0.003,0.003,0.003,0.003,0.003,0.003,0.003,0.003,0.003,0.003,0.003,0.003,0.003,0.003,0.003,0.003,0.003,0.003,0.003,0.003,0.002,0.002,0.002,0.002,0.002,0.002,0.002,0.002,0.002,0.002,0.002,0.002,0.002,0.002,0.002,0.002,0.002,0.002,0.002,0.002,0.002,0.002,0.002,0.002,0.002,0.002,0.002,0.002,0.002,0.002,0.002,0.002,0.002,0.002,0.002,0.002,0.002,0.002,0.002,0.002,0.002,0.002,0.002,0.002,0.002,0.002,0.002,0.002,0.002,0.002,0.002,0.002,0.002,0.002
topic43,gesprach,beid,verhandl,treff,gemeinsam,losung,seit,streit,frag,moglich,vertret,montag,vereinbar,hiess,dienstag,vertrag,berat,geplant,vereinbart,donnerstag,mittwoch,zusammenarbeit,erklart,kompromiss,abkomm,entscheid,jedoch,forder,geb,vorschlag,betont,sprech,konn,ab,beding,zunach,erklar,darauf,konflikt,verhandeln,lehnt,off,woll,scheit,geeinigt,wollt,konkret,angebot,sollt,abschluss,teilnehm,beginn,gescheitert,verhandelt,zustimm,schritt,plan,aussenminist,dialog,unterzeichnet,kreis,abgelehnt,bekraftigt,darub,zugestandnis,verzicht,bemuh,kommend,erneut,zusag,verstandigt,sitzung,position,fortschritt,konferenz,offenbar,endgult,heutig,abend,kolleg,bereitschaft,kooperation,delegation,erzielt,einigt,tisch,partn,verlautet,annaher,besteh,getroff,unterzeichn,wochen,komm,stattfind,beendet,allerding,termin,umstritt,fortsetz
 ,0.038,0.028,0.026,0.02,0.015,0.012,0.012,0.01,0.01,0.009,0.008,0.008,0.008,0.008,0.008,0.008,0.008,0.008,0.007,0.007,0.007,0.007,0.007,0.006,0.006,0.006,0.006,0.006,0.005,0.005,0.005,0.005,0.005,0.005,0.005,0.005,0.004,0.004,0.004,0.004,0.004,0.004,0.004,0.004,0.004,0.004,0.004,0.004,0.004,0.004,0.004,0.004,0.004,0.003,0.003,0.003,0.003,0.003,0.003,0.003,0.003,0.003,0.003,0.003,0.003,0.003,0.003,0.003,0.003,0.003,0.003,0.003,0.003,0.003,0.003,0.003,0.002,0.002,0.002,0.002,0.002,0.002,0.002,0.002,0.002,0.002,0.002,0.002,0.002,0.002,0.002,0.002,0.002,0.002,0.002,0.002,0.002,0.002,0.002,0.002
topic44,milliard,finanzminist,regier,bund,eichel,geld,haushalt,wirtschaft,reform,steu,bundesregier,erhoh,ausgab,euro,iwf,offent,defizit,steuerreform,zusatz,schuld,geplant,staatlich,staat,waigel,finanzier,mittel,plan,einnahm,bundesfinanzminist,drei,entlast,kredit,musst,investition,mehrwertsteu,finanziell,senkung,kommend,kost,forder,finanzministerium,etat,etwa,subvention,senk,hilf,abbau,massnahm,einspar,spar,jahrlich,summ,finanzi,rund,programm,kurzung,finanzpolit,finanziert,teil,allein,minist,zehn,sowi,belast,finanz,vorgeseh,kommun,wahrungsfond,derzeit,steuersenk,beschloss,burg,insgesamt,angesicht,davon,abgab,steuerzahl,gemeind,wirtschaftspolit,wenig,drastisch,neuverschuld,last,ziel,notwend,steinbruck,beitrag,zud,gewerbesteu,funf,steuererhoh,vorschlag,notig,dafur,fliess,budget,komm,gesenkt,zuschuss,erheb
 ,0.048,0.016,0.014,0.013,0.012,0.012,0.012,0.012,0.011,0.01,0.009,0.009,0.007,0.007,0.007,0.007,0.007,0.006,0.006,0.006,0.006,0.006,0.006,0.005,0.005,0.005,0.005,0.005,0.005,0.004,0.004,0.004,0.004,0.004,0.004,0.004,0.004,0.004,0.004,0.004,0.004,0.004,0.004,0.004,0.004,0.004,0.003,0.003,0.003,0.003,0.003,0.003,0.003,0.003,0.003,0.003,0.003,0.003,0.003,0.003,0.003,0.003,0.003,0.003,0.003,0.003,0.003,0.002,0.002,0.002,0.002,0.002,0.002,0.002,0.002,0.002,0.002,0.002,0.002,0.002,0.002,0.002,0.002,0.002,0.002,0.002,0.002,0.002,0.002,0.002,0.002,0.002,0.002,0.002,0.002,0.002,0.002,0.002,0.002,0.002
topic45,ausland,bonn,innenminist,beamt,schily,behord,illegal,polizei,fluchtling,amt,burg,bundesregier,gefahr,moglich,geb,straftat,bekampf,schutz,zahl,auswart,person,inn,organisiert,fordert,minist,beim,grenz,musst,bericht,staat,kanth,bundesinnenminist,einwand,konnt,bish,konn,kontroll,kriminalitat,offent,bundesrepubl,innenministerium,dat,abschieb,durf,asylbewerb,dien,verfassungsschutz,pass,verfolg,sollt,hart,recht,massnahm,zustand,besond,dafur,betroff,stell,asyl,integration,ausweis,visa,zuwander,justizminist,ausserd,sowi,scharf,darauf,staatsburgerschaft,bka,tat,uberwach,ap,doppelt,beckstein,kriminell,berlin,arbeit,missbrauch,sprech,verscharf,lebend,ministerium,staatssekretar,bess,komm,abgeschob,lauschangriff,antrag,verbrech,bleib,verscharft,deshalb,erhalt,sprach,lang,gefordert,kritisiert,heisst,innenpolit
 ,0.03,0.02,0.013,0.011,0.009,0.009,0.007,0.006,0.006,0.006,0.006,0.006,0.005,0.005,0.005,0.005,0.005,0.005,0.005,0.005,0.005,0.005,0.005,0.005,0.005,0.005,0.005,0.005,0.004,0.004,0.004,0.004,0.004,0.004,0.004,0.004,0.004,0.004,0.004,0.004,0.004,0.004,0.004,0.003,0.003,0.003,0.003,0.003,0.003,0.003,0.003,0.003,0.003,0.003,0.003,0.003,0.003,0.003,0.003,0.003,0.003,0.003,0.003,0.003,0.003,0.003,0.003,0.003,0.003,0.003,0.003,0.003,0.003,0.003,0.002,0.002,0.002,0.002,0.002,0.002,0.002,0.002,0.002,0.002,0.002,0.002,0.002,0.002,0.002,0.002,0.002,0.002,0.002,0.002,0.002,0.002,0.002,0.002,0.002,0.002
topic46,britisch,london,grossbritanni,blair,regier,pfund,sinn,brit,woch,tag,jedoch,england,hatt,nordirland,letzt,labour,premierminist,fein,irisch,end,erklart,premi,beid,konnt,tim,fall,fruh,gross,protestant,dabei,nachd,monat,zeitung,montag,macht,gemacht,drei,zuvor,englisch,bekannt,teil,entscheid,bislang,jung,lass,the,fuhr,offenbar,dafur,of,geh,bericht,insel,grosst,konservativ,irland,grund,darauf,ab,belfast,donnerstag,gab,nah,chef,wenig,beginn,zweit,moglich,sprech,davon,wichtig,gegeb,dageg,kam,dienstag,schritt,bring,anfang,geb,gilt,and,mai,dublin,party,derzeit,gegenub,bbc,minist,steh,zukunft,gekomm,versuch,kathol,halt,juli,wahrschein,steht,international,mittwoch,inzwisch
 ,0.056,0.045,0.023,0.017,0.013,0.01,0.01,0.01,0.009,0.008,0.007,0.007,0.006,0.006,0.006,0.005,0.005,0.005,0.005,0.005,0.005,0.005,0.004,0.004,0.004,0.004,0.004,0.004,0.004,0.004,0.004,0.004,0.004,0.004,0.004,0.003,0.003,0.003,0.003,0.003,0.003,0.003,0.003,0.003,0.003,0.003,0.003,0.003,0.003,0.003,0.003,0.003,0.003,0.003,0.003,0.003,0.003,0.003,0.003,0.003,0.003,0.003,0.003,0.003,0.003,0.003,0.003,0.003,0.003,0.003,0.002,0.002,0.002,0.002,0.002,0.002,0.002,0.002,0.002,0.002,0.002,0.002,0.002,0.002,0.002,0.002,0.002,0.002,0.002,0.002,0.002,0.002,0.002,0.002,0.002,0.002,0.002,0.002,0.002,0.002
topic47,telekom,post,wettbewerb,bonn,preis,rwe,energi,strom,kund,eon,beim,anbiet,netz,gas,viag,markt,rund,privat,kunftig,versorg,kartellamt,veba,etwa,telekommunikation,ess,derzeit,ab,bundeskartellamt,bish,rag,konkurrent,liberalisier,energieversorg,ruhrgas,konkurrenz,geplant,dusseldorf,moglich,entscheid,ag,angebot,konzern,konnt,pfennig,kost,gross,stadtwerk,regulierungsbehord,tarif,pro,anteil,dafur,monopol,gunstig,billig,sowi,geb,dabei,behord,halt,fest,enbw,chef,ausland,verbrauch,stromversorg,rexrodt,betont,regional,erdgas,verband,fall,kraftwerk,konn,investition,jedoch,sprech,gebuhr,call,stark,betreib,erheb,gesprach,konz,deutlich,sieht,drei,vertrag,beteil,bericht,anschluss,komm,verfug,erhalt,davon,staatlich,allerding,on,end,zunach
 ,0.031,0.017,0.016,0.013,0.01,0.01,0.009,0.008,0.007,0.007,0.007,0.006,0.006,0.006,0.005,0.005,0.005,0.005,0.004,0.004,0.004,0.004,0.004,0.004,0.004,0.004,0.004,0.004,0.004,0.003,0.003,0.003,0.003,0.003,0.003,0.003,0.003,0.003,0.003,0.003,0.003,0.003,0.003,0.003,0.003,0.003,0.003,0.003,0.003,0.003,0.003,0.002,0.002,0.002,0.002,0.002,0.002,0.002,0.002,0.002,0.002,0.002,0.002,0.002,0.002,0.002,0.002,0.002,0.002,0.002,0.002,0.002,0.002,0.002,0.002,0.002,0.002,0.002,0.002,0.002,0.002,0.002,0.002,0.002,0.002,0.002,0.002,0.002,0.002,0.002,0.002,0.002,0.002,0.002,0.002,0.002,0.002,0.002,0.002,0.002
topic48,eu,europa,kommission,brussel,staat,union,national,europas,beitritt,schwed,vertrag,erweiter,gemeinsam,parlament,mitglied,kommissar,gipfel,frankreich,regier,entscheid,vorschlag,gemeinschaft,aussenminist,kunftig,regierungschef,verfass,wahrungsunion,mitgliedsstaat,niederland,mitgliedstaat,rat,schwedisch,danemark,strassburg,danisch,osteuropa,osterreich,van,stockholm,grossbritanni,aufnahm,maastricht,streit,finnland,europaparlament,reform,beim,ministerrat,portugal,spani,belgi,richtlini,bish,bundeskanzl,mitgliedsland,griechenland,zustand,fordert,beihilf,kommissionsprasident,burg,mitgliedschaft,prodi,subvention,verheug,treff,kopenhag,binnenmarkt,fall,gipfeltreff,stabilitatspakt,geht,frag,ziel,prasidentschaft,wichtig,bundesregier,norweg,integration,diplomat,monti,durf,finnisch,europaweit,geb,dageg,auss,ecu,mehrheit,stark,kriteri,aussenpolit,bundesrepubl,allerding,erfull,behord,mittel,einfuhr,barroso,interess
 ,0.116,0.107,0.039,0.037,0.02,0.017,0.009,0.008,0.007,0.006,0.006,0.006,0.006,0.005,0.005,0.005,0.005,0.005,0.005,0.005,0.005,0.004,0.004,0.004,0.004,0.004,0.004,0.004,0.004,0.004,0.004,0.004,0.004,0.003,0.003,0.003,0.003,0.003,0.003,0.003,0.003,0.003,0.003,0.003,0.003,0.003,0.003,0.003,0.002,0.002,0.002,0.002,0.002,0.002,0.002,0.002,0.002,0.002,0.002,0.002,0.002,0.002,0.002,0.002,0.002,0.002,0.002,0.002,0.002,0.002,0.002,0.002,0.002,0.002,0.002,0.002,0.002,0.002,0.002,0.002,0.002,0.002,0.002,0.002,0.002,0.002,0.002,0.002,0.002,0.002,0.002,0.002,0.002,0.002,0.002,0.001,0.001,0.001,0.001,0.001
topic49,china,international,chines,staat,peking,welt,usa,wirtschaft,asi,weltweit,regier,hongkong,ausland,chinas,taiwan,wto,organisation,konferenz,genf,australi,japan,asiat,kanada,menschenrecht,handel,region,besuch,entwicklungsland,weltbank,entwickl,thailand,wichtig,global,singapur,bezieh,kanad,austral,arm,reich,dritt,westlich,kris,bericht,grosst,stark,afrika,abkomm,indi,offiziell,industrieland,zusammenarbeit,welthandelsorganisation,pazif,gipfel,industriestaat,entwicklungshilf,vereinigt,zoll,schanghai,volksrepubl,jiang,vietnam,vertret,treff,reis,tibet,gross,armut,malaysia,export,nation,sudostasi,neuseeland,letzt,globalisier,mitglied,zud,dissident,fortschritt,armst,konnt,bish,provinz,national,wachsend,unterstutz,hilf,kommunist,staatlich,fordert,zehn,end,forum,markt,zugang,bangkok,rund,offnung,sowi,oecd
 ,0.038,0.027,0.02,0.019,0.017,0.014,0.014,0.011,0.009,0.009,0.009,0.008,0.008,0.008,0.008,0.007,0.007,0.007,0.006,0.006,0.006,0.006,0.006,0.005,0.005,0.005,0.005,0.005,0.005,0.005,0.004,0.004,0.004,0.004,0.004,0.004,0.004,0.003,0.003,0.003,0.003,0.003,0.003,0.003,0.003,0.003,0.003,0.003,0.003,0.003,0.003,0.003,0.003,0.003,0.003,0.002,0.002,0.002,0.002,0.002,0.002,0.002,0.002,0.002,0.002,0.002,0.002,0.002,0.002,0.002,0.002,0.002,0.002,0.002,0.002,0.002,0.002,0.002,0.002,0.002,0.002,0.002,0.002,0.002,0.002,0.002,0.002,0.002,0.002,0.002,0.002,0.002,0.002,0.002,0.002,0.002,0.002,0.002,0.002,0.002
topic50,sz,gibt,frag,geht,imm,gut,ganz,ja,sag,tun,wer,richtig,halt,klar,deshalb,dafur,warum,beispiel,natur,wiss,einfach,kommt,heut,fall,probl,seh,interview,wenig,gar,genau,komm,geb,wichtig,wirklich,geh,brauch,uberhaupt,hatt,darub,bess,gross,moglich,glaub,gerad,daran,leut,davon,steht,lass,nein,eigent,entscheid,find,grund,schnell,darum,sach,thema,falsch,gemacht,darf,bekomm,schwierig,problem,macht,vielleicht,nehm,niemand,darauf,mensch,denk,genug,liegt,antwort,mal,eben,braucht,tatsach,mocht,gesagt,heisst,stell,unterschied,erfahr,red,gleich,wann,ding,musst,schlecht,trotzd,geld,herr,oft,arbeit,dabei,teil,bleibt,gilt,lasst
 ,0.042,0.025,0.017,0.013,0.012,0.012,0.012,0.011,0.01,0.009,0.008,0.008,0.007,0.007,0.007,0.007,0.007,0.007,0.007,0.007,0.007,0.006,0.006,0.006,0.006,0.006,0.006,0.006,0.006,0.006,0.005,0.005,0.005,0.005,0.005,0.005,0.005,0.005,0.005,0.005,0.004,0.004,0.004,0.004,0.004,0.004,0.004,0.004,0.004,0.004,0.004,0.004,0.004,0.004,0.004,0.004,0.004,0.004,0.004,0.003,0.003,0.003,0.003,0.003,0.003,0.003,0.003,0.003,0.003,0.003,0.003,0.003,0.003,0.003,0.003,0.003,0.003,0.003,0.003,0.003,0.003,0.003,0.003,0.003,0.003,0.003,0.003,0.003,0.003,0.003,0.003,0.002,0.002,0.002,0.002,0.002,0.002,0.002,0.002,0.002
topic51,kirch,kathol,papst,frau,mensch,leb,ii,gesellschaft,islam,muslim,welt,religios,staat,christlich,vatikan,evangel,glaub,christ,bischof,recht,heilig,kardinal,rom,gott,religion,erklar,mind,gemeinsam,kultur,ehe,frag,wort,freiheit,sprach,offent,gibt,sozial,staatlich,gerecht,dialog,durf,glaubig,heisst,orthodox,besuch,abtreib,vertret,imm,gross,vorsitz,priest,rat,fuhr,trag,geistlich,kna,wert,fried,bischofskonferenz,organisation,kirchlich,homosexuell,mitglied,erzbischof,teil,besond,geb,jahrhundert,statt,grupp,gewalt,berat,stell,gemeinschaft,gemeind,streit,feiertag,zeich,gegenub,alt,off,moral,kopftuch,verbot,steh,theolog,seh,grund,steht,wenig,kreuz,famili,jung,geword,etwa,pfarr,person,epd,mehrheit,kind
 ,0.029,0.014,0.012,0.012,0.011,0.01,0.01,0.008,0.008,0.007,0.006,0.005,0.005,0.005,0.005,0.005,0.005,0.005,0.004,0.004,0.004,0.004,0.004,0.004,0.004,0.003,0.003,0.003,0.003,0.003,0.003,0.003,0.003,0.003,0.003,0.003,0.003,0.003,0.003,0.003,0.002,0.002,0.002,0.002,0.002,0.002,0.002,0.002,0.002,0.002,0.002,0.002,0.002,0.002,0.002,0.002,0.002,0.002,0.002,0.002,0.002,0.002,0.002,0.002,0.002,0.002,0.002,0.002,0.002,0.002,0.002,0.002,0.002,0.002,0.002,0.002,0.002,0.002,0.002,0.002,0.002,0.002,0.002,0.002,0.002,0.002,0.002,0.002,0.002,0.002,0.002,0.002,0.002,0.002,0.002,0.002,0.002,0.002,0.002,0.002
topic52,durft,allerding,fall,woch,konnt,halt,tag,moglich,derzeit,erwart,end,deshalb,jedoch,darauf,wenig,druck,seh,letzt,sieht,komm,gross,davon,angesicht,folg,tatsach,geb,schwierig,kaum,grund,zumind,wahrschein,wohl,steh,lang,bleib,geh,eher,sicht,entscheid,meint,schnell,dennoch,musst,offenbar,bleibt,sorg,lass,steht,rechn,expert,gibt,chanc,situation,bish,dafur,wichtig,beobacht,hoffnung,moglicherweis,zukunft,klar,kommt,trotz,sogar,gut,stark,jung,dah,gefahr,problem,zeigt,deutlich,liess,zuletzt,heisst,bald,vermut,gilt,lag,unsich,darub,ohnehin,zweifel,ahnlich,befurcht,einschatz,aussicht,vorsicht,off,scheint,zunach,rasch,gerat,meinung,uberrasch,fest,schwer,bislang,massiv,vorerst
 ,0.016,0.016,0.014,0.014,0.014,0.014,0.011,0.011,0.01,0.009,0.008,0.008,0.007,0.007,0.007,0.007,0.007,0.007,0.007,0.007,0.006,0.006,0.006,0.006,0.006,0.006,0.006,0.006,0.006,0.006,0.006,0.006,0.005,0.005,0.005,0.005,0.005,0.005,0.005,0.005,0.005,0.005,0.005,0.005,0.005,0.005,0.004,0.004,0.004,0.004,0.004,0.004,0.004,0.004,0.004,0.004,0.004,0.004,0.004,0.004,0.004,0.004,0.004,0.004,0.004,0.004,0.004,0.004,0.004,0.004,0.003,0.003,0.003,0.003,0.003,0.003,0.003,0.003,0.003,0.003,0.003,0.003,0.003,0.003,0.003,0.003,0.003,0.003,0.003,0.003,0.003,0.003,0.003,0.003,0.003,0.003,0.003,0.003,0.002,0.002
topic53,drei,platz,gut,spiel,fast,wenig,vier,gross,funf,zweit,zehn,beim,etwa,meist,liegt,allerding,dabei,wichtig,kam,umfrag,besond,fussball,letzt,halft,sogar,knapp,konnt,schlecht,hoch,drittel,grosst,befragt,dritt,acht,sech,beid,mal,dageg,studi,erfolg,erreicht,zeigt,gab,stark,best,deutlich,ergebnis,sieb,lieg,kommt,zahl,geht,insgesamt,verein,jeweil,hatt,laut,roll,imm,vergleich,sport,zufried,rang,wert,viertel,gleich,verlor,wm,ab,allein,bess,zwolf,ganz,lag,stell,elf,steht,abstand,demnach,spielt,gering,vorn,ledig,eher,komm,team,list,unterschied,neun,halt,club,viert,ging,davon,gibt,folg,danach,seh,fuhrt,bedeut
 ,0.016,0.016,0.014,0.014,0.013,0.013,0.012,0.012,0.011,0.011,0.01,0.01,0.01,0.009,0.009,0.008,0.007,0.007,0.007,0.007,0.007,0.007,0.007,0.007,0.007,0.007,0.006,0.006,0.006,0.006,0.006,0.006,0.006,0.006,0.006,0.006,0.005,0.005,0.005,0.005,0.005,0.005,0.005,0.005,0.005,0.005,0.005,0.005,0.005,0.005,0.004,0.004,0.004,0.004,0.004,0.004,0.004,0.004,0.004,0.004,0.004,0.004,0.004,0.004,0.003,0.003,0.003,0.003,0.003,0.003,0.003,0.003,0.003,0.003,0.003,0.003,0.003,0.003,0.003,0.003,0.003,0.003,0.003,0.003,0.003,0.003,0.003,0.003,0.003,0.003,0.003,0.003,0.003,0.002,0.002,0.002,0.002,0.002,0.002,0.002
topic54,cdu,fdp,csu,union,kohl,merkel,stoib,bonn,vorsitz,partei,ministerprasident,bundeskanzl,kanzl,schaubl,generalsekretar,chef,liberal,berlin,westerwell,wahlkampf,parteitag,frag,rau,bundestagswahl,bayer,mollemann,stellvertret,red,merz,debatt,koalition,klar,woll,bundesprasident,bundestag,wahl,fraktionschef,zeitung,glos,diskussion,entscheid,landtagswahl,kanzlerkandidat,spd,fordert,streit,konn,ruttg,vorschlag,waigel,parteichef,sprach,kinkel,parteivorsitz,thema,bay,spitz,woch,amt,bayern,ruh,geh,gross,chefin,delegiert,off,geb,kanzlerin,prasidium,kritik,halt,beim,fraktion,fuhrung,hatt,mitglied,deutlich,seehof,fraktionsvorsitz,hessisch,westfal,dafur,jung,stark,landesvorsitz,viz,position,nordrhein,montag,macht,fruh,wort,person,reih,gemeinsam,landesverband,unterstutz,fuhrend,steh,bundesregier
 ,0.062,0.036,0.036,0.031,0.028,0.018,0.017,0.016,0.014,0.014,0.011,0.009,0.009,0.008,0.008,0.007,0.006,0.005,0.005,0.005,0.005,0.005,0.004,0.004,0.004,0.004,0.004,0.004,0.003,0.003,0.003,0.003,0.003,0.003,0.003,0.003,0.003,0.003,0.003,0.003,0.003,0.003,0.003,0.003,0.003,0.003,0.003,0.003,0.003,0.003,0.003,0.002,0.002,0.002,0.002,0.002,0.002,0.002,0.002,0.002,0.002,0.002,0.002,0.002,0.002,0.002,0.002,0.002,0.002,0.002,0.002,0.002,0.002,0.002,0.002,0.002,0.002,0.002,0.002,0.002,0.002,0.002,0.002,0.002,0.002,0.002,0.002,0.002,0.002,0.002,0.002,0.002,0.002,0.002,0.002,0.002,0.002,0.002,0.002,0.002
topic55,ganz,ja,gut,wer,mal,wort,gar,vielleicht,sag,imm,lieb,wohl,tag,natur,red,mann,hatt,wiss,gern,welt,alt,leut,paar,eigent,lasst,einfach,eben,gerad,namlich,wirklich,sach,herr,lass,nie,heisst,beim,bild,art,satz,warum,aug,les,kopf,nam,richtig,kommt,geht,streiflicht,leb,jedenfall,beispiel,mag,gleich,macht,manchmal,gibt,ding,geschicht,genau,jemand,tun,gesagt,gewiss,eher,bissch,mocht,sogar,oft,heiss,hor,fragt,ziemlich,hort,uberhaupt,endlich,halt,her,freilich,hand,denk,tut,frag,ubrig,bitt,leid,all,recht,darf,buch,wahr,gesicht,herz,wund,wusst,sinn,lach,stuck,nein,wahrheit,leicht
 ,0.009,0.007,0.006,0.006,0.006,0.005,0.005,0.005,0.005,0.005,0.005,0.004,0.004,0.004,0.004,0.004,0.004,0.004,0.003,0.003,0.003,0.003,0.003,0.003,0.003,0.003,0.003,0.003,0.003,0.003,0.003,0.003,0.003,0.003,0.003,0.003,0.003,0.002,0.002,0.002,0.002,0.002,0.002,0.002,0.002,0.002,0.002,0.002,0.002,0.002,0.002,0.002,0.002,0.002,0.002,0.002,0.002,0.002,0.002,0.002,0.002,0.002,0.002,0.002,0.002,0.002,0.002,0.002,0.002,0.002,0.002,0.002,0.002,0.002,0.002,0.002,0.002,0.002,0.002,0.002,0.002,0.002,0.002,0.002,0.002,0.002,0.002,0.002,0.001,0.001,0.001,0.001,0.001,0.001,0.001,0.001,0.001,0.001,0.001,0.001
topic56,dollar,euro,europa,wahrung,bundesbank,us,zentralbank,yen,frankfurt,gold,ezb,notenbank,kostet,zins,kur,bank,wirtschaft,gegenub,uhr,stark,devis,japan,offent,schwach,london,donnerstag,sz,geldpolit,leicht,wahrungsunion,wert,usa,niedrig,handl,fest,je,feinunz,finanzmarkt,amerikan,inflation,dienstag,gab,gemeinschaftswahr,mittwoch,fiel,fed,spat,leitzins,mittag,preis,markt,notiert,greenspan,deutlich,gehandelt,lag,erwartet,hoch,pfund,zinssenk,stabil,stand,new,goldpreis,montag,einfuhr,handel,york,kurzfrist,devisenmarkt,nachmittag,nachmittagsfixing,tief,zinserhoh,duisenberg,frank,lira,rat,munz,mark,druck,abwert,erreicht,unverandert,jung,nachd,international,gefall,ab,stieg,niveau,abend,zon,tietmey,beim,vortag,konjunktur,vergleich,kurs,analyst
 ,0.082,0.041,0.02,0.016,0.013,0.012,0.011,0.01,0.01,0.009,0.009,0.009,0.009,0.009,0.008,0.008,0.008,0.008,0.008,0.007,0.006,0.006,0.006,0.006,0.005,0.005,0.005,0.005,0.005,0.004,0.004,0.004,0.004,0.004,0.004,0.004,0.004,0.004,0.004,0.004,0.004,0.003,0.003,0.003,0.003,0.003,0.003,0.003,0.003,0.003,0.003,0.003,0.003,0.003,0.003,0.003,0.003,0.003,0.003,0.003,0.003,0.003,0.003,0.003,0.003,0.003,0.003,0.003,0.003,0.003,0.003,0.003,0.002,0.002,0.002,0.002,0.002,0.002,0.002,0.002,0.002,0.002,0.002,0.002,0.002,0.002,0.002,0.002,0.002,0.002,0.002,0.002,0.002,0.002,0.002,0.002,0.002,0.002,0.002,0.002
topic57,monat,end,januar,marz,juni,mai,april,juli,oktob,septemb,drei,dezemb,woch,novemb,februar,vier,anfang,tag,sech,funf,angab,teilt,ab,mitt,geplant,schweiz,kommend,reis,zehn,rund,zwolf,beginn,sieb,letzt,erstmal,tourist,hotel,neun,tui,voraussicht,angekundigt,zuvor,acht,ursprung,insgesamt,termin,zunach,ath,verschob,zweit,mitteilt,sowi,nachd,zufolg,bekannt,griechisch,verlangert,sprech,lloyd,danach,erwartet,erneut,zuruck,gegeb,jedoch,mindest,erklart,verschieb,bern,tourismus,innerhalb,spatest,hiess,derzeit,gab,herb,endgult,etwa,offiziell,bish,vorgeseh,reiseveranstalt,beschloss,vorlauf,frist,begonn,elf,grund,fest,montag,griechenland,entsprech,bestatigt,jeweil,beendet,knapp,vorig,beginnt,kam,kundigt
 ,0.039,0.036,0.028,0.027,0.023,0.023,0.023,0.021,0.021,0.02,0.02,0.02,0.019,0.018,0.017,0.016,0.014,0.014,0.014,0.012,0.011,0.01,0.01,0.01,0.008,0.008,0.008,0.007,0.007,0.007,0.006,0.006,0.006,0.006,0.006,0.006,0.005,0.005,0.005,0.005,0.005,0.005,0.005,0.005,0.004,0.004,0.004,0.004,0.004,0.004,0.004,0.004,0.004,0.004,0.004,0.004,0.004,0.003,0.003,0.003,0.003,0.003,0.003,0.003,0.003,0.003,0.003,0.003,0.003,0.003,0.003,0.003,0.003,0.003,0.002,0.002,0.002,0.002,0.002,0.002,0.002,0.002,0.002,0.002,0.002,0.002,0.002,0.002,0.002,0.002,0.002,0.002,0.002,0.002,0.002,0.002,0.002,0.002,0.002,0.002
topic58,arzt,kass,medizin,mensch,medikament,patient,krankenkass,gesund,krankenhaus,etwa,krankheit,krank,seehof,behandl,versichert,klinik,zahl,konnt,gesundheitsreform,aid,forschung,gesundheitswes,mittel,kost,gesetz,pharma,apothek,schering,fall,musst,versorg,menschlich,rauch,moglich,folg,ulla,gefahr,berlin,test,arznei,bish,patent,expert,wissenschaftl,merck,krankenversicher,ministerin,leistung,wenig,forsch,gen,geb,zulass,hatt,roch,kassenarzt,zigarett,stark,aok,grund,beitrag,gesundheitsministerin,erhalt,betroff,verband,ab,zahnarzt,beim,studi,schwer,arzneimittel,einzeln,wissenschaft,zuzahl,erkrank,gesundheitspolit,ausserd,stammzell,verbot,erreg,behandelt,virus,herstell,leb,therapi,biotechnologi,dabei,bestimmt,arztlich,leid,entwickl,allein,infiziert,halt,geh,klon,ausgab,firma,gentechn,untersuch
 ,0.017,0.014,0.011,0.01,0.009,0.009,0.008,0.006,0.006,0.006,0.006,0.006,0.005,0.005,0.005,0.005,0.005,0.004,0.004,0.004,0.004,0.004,0.004,0.004,0.004,0.004,0.003,0.003,0.003,0.003,0.003,0.003,0.003,0.003,0.003,0.003,0.003,0.003,0.003,0.003,0.003,0.003,0.003,0.003,0.003,0.003,0.003,0.003,0.003,0.002,0.002,0.002,0.002,0.002,0.002,0.002,0.002,0.002,0.002,0.002,0.002,0.002,0.002,0.002,0.002,0.002,0.002,0.002,0.002,0.002,0.002,0.002,0.002,0.002,0.002,0.002,0.002,0.002,0.002,0.002,0.002,0.002,0.002,0.002,0.002,0.002,0.002,0.002,0.002,0.002,0.002,0.002,0.002,0.002,0.002,0.002,0.002,0.002,0.002,0.002
topic59,markt,geschaft,umsatz,produkt,kund,branch,handel,mark,etwa,rund,preis,einzelhandel,gut,grupp,herstell,geschaftsfuhr,verkauf,quell,firma,verkauft,drei,stark,karstadt,gross,metro,marktanteil,ausland,anbiet,zehn,grosst,handl,angebot,verbrauch,filial,funf,werbung,mitarbeit,lad,setzt,einkauf,koln,imm,dusseldorf,wenig,sieht,beim,konkurrenz,kett,firm,trend,inzwisch,wettbewerb,dabei,marketing,betrieb,hamburg,vier,adidas,henkel,rew,warenhaus,neb,discount,marktfuhr,gehor,eroffnet,knapp,heut,spar,beschaftigt,mod,familienunternehm,meint,weltweit,schuh,macht,davon,halt,nam,jedoch,vertrieb,wal,kauf,gegrundet,supermarkt,haus,expansion,zunehm,qualitat,sortiment,kaufhaus,billig,design,gesamt,europa,dageg,zahl,konkurrent,besond,verstarkt
 ,0.014,0.014,0.012,0.01,0.01,0.01,0.008,0.008,0.007,0.007,0.007,0.006,0.006,0.006,0.006,0.006,0.006,0.005,0.005,0.005,0.004,0.004,0.004,0.004,0.004,0.004,0.004,0.004,0.004,0.004,0.003,0.003,0.003,0.003,0.003,0.003,0.003,0.003,0.003,0.003,0.003,0.003,0.003,0.003,0.003,0.003,0.003,0.003,0.003,0.003,0.003,0.003,0.003,0.002,0.002,0.002,0.002,0.002,0.002,0.002,0.002,0.002,0.002,0.002,0.002,0.002,0.002,0.002,0.002,0.002,0.002,0.002,0.002,0.002,0.002,0.002,0.002,0.002,0.002,0.002,0.002,0.002,0.002,0.002,0.002,0.002,0.002,0.002,0.002,0.002,0.002,0.002,0.002,0.002,0.002,0.002,0.002,0.002,0.002,0.002
